ticker,name,in_universe,score,decision,market_cap_aud_bn,return_1y,return_3y_pa,return_5y_pa,return_10y_pa,volatility_1y,worst_fall_1y,yield,consensus,history_years,why
WELL,Welltower,yes,97.5,kept (active),229.0,32.66,36.95,27.41,18.4,22.77,-12.61,1.39,Strong Buy,10.0,5y +27% a year; 10y +18%; ±23%; consensus Strong Buy
TD.TO,The Toronto-Dominion Bank,yes,97.0,kept (active),267.3,49.32,31.86,18.23,15.34,16.66,-8.0,2.67,Buy,10.7,5y +18% a year; 10y +15%; ±17%; consensus Buy
RY.TO,Royal Bank of Canada,yes,96.9,kept (active),380.6,38.45,38.11,20.52,17.1,15.08,-10.23,2.41,Buy,10.7,5y +21% a year; 10y +17%; ±15%; consensus Buy
WAB,Wabtec,yes,95.2,kept (active),68.6,42.26,35.3,28.22,14.41,26.26,-10.85,0.42,Strong Buy,10.0,5y +28% a year; 10y +14%; ±26%; consensus Strong Buy
BNY,BNY Mellon,yes,94.8,kept (active),139.2,37.09,48.56,24.37,15.47,21.74,-13.42,1.63,Buy,10.0,5y +24% a year; 10y +15%; ±22%; consensus Buy
TRGP,Targa Resources,yes,94.4,kept (active),87.5,72.16,48.87,44.22,24.11,29.04,-10.57,1.58,Strong Buy,10.0,5y +44% a year; 10y +24%; ±29%; consensus Strong Buy
AME,Ametek,yes,93.5,kept (active),81.9,36.55,18.14,16.0,19.88,23.8,-13.57,0.53,Buy,10.0,5y +16% a year; 10y +20%; ±24%; consensus Buy
TRV,Travelers Companies (The),yes,93.5,kept (active),108.1,29.48,27.56,21.69,15.67,20.91,-9.94,1.3,Hold,10.0,5y +22% a year; 10y +16%; ±21%; consensus Hold
ABBV,AbbVie,yes,93.3,kept (active),689.2,20.99,24.58,24.92,21.98,25.38,-15.74,2.52,Strong Buy,10.0,5y +25% a year; 10y +22%; ±25%; consensus Strong Buy
JNJ,Johnson &amp; Johnson,yes,93.2,kept (active),895.2,39.32,20.23,14.59,12.65,19.21,-10.96,2.04,Buy,10.0,5y +15% a year; 10y +13%; ±19%; consensus Buy
HLT,Hilton Worldwide,yes,93.0,kept (active),103.7,23.49,24.97,19.58,21.63,23.76,-13.57,0.19,Buy,10.0,5y +20% a year; 10y +22%; ±24%; consensus Buy
AAPL,Apple Inc.,yes,92.9,kept (active),7062.1,30.94,22.32,20.06,30.73,24.74,-13.8,0.31,Buy,10.0,5y +20% a year; 10y +31%; ±25%; consensus Buy
PH,Parker Hannifin,yes,92.8,kept (active),172.7,27.53,34.6,29.94,24.12,26.73,-19.34,0.8,Strong Buy,10.0,5y +30% a year; 10y +24%; ±27%; consensus Strong Buy
WMB,Williams Companies,yes,92.7,kept (active),125.6,15.96,28.64,27.97,15.48,24.39,-13.14,2.9,Strong Buy,10.0,5y +28% a year; 10y +15%; ±24%; consensus Strong Buy
KO,Coca-Cola Company (The),yes,92.1,kept (active),530.7,33.24,14.9,13.8,12.06,18.76,-7.87,2.45,Buy,10.0,5y +14% a year; 10y +12%; ±19%; consensus Buy
ROST,Ross Stores,yes,92.0,kept (active),104.0,49.59,22.42,17.9,14.88,26.44,-13.03,0.77,Buy,10.0,5y +18% a year; 10y +15%; ±26%; consensus Buy
PM,Philip Morris International,yes,91.8,kept (active),431.7,28.49,30.82,22.67,14.53,27.93,-18.54,3.12,Strong Buy,10.0,5y +23% a year; 10y +15%; ±28%; consensus Strong Buy
ETR,Entergy,yes,91.4,kept (active),70.6,9.0,29.5,20.82,16.71,20.33,-15.91,2.49,Strong Buy,10.0,5y +21% a year; 10y +17%; ±20%; consensus Strong Buy
CAH,Cardinal Health,yes,90.8,kept (active),77.3,48.54,34.61,42.23,16.72,29.53,-20.42,0.88,Strong Buy,10.0,5y +42% a year; 10y +17%; ±30%; consensus Strong Buy
GWW,W. W. Grainger,yes,90.7,kept (active),85.5,31.72,17.59,25.43,21.32,23.65,-13.35,0.75,Hold,10.0,5y +25% a year; 10y +21%; ±24%; consensus Hold
AIZ,Assurant,yes,90.4,kept (active),18.9,23.42,19.76,14.25,15.0,22.28,-12.9,1.32,Strong Buy,10.0,5y +14% a year; 10y +15%; ±22%; consensus Strong Buy
CB,Chubb Limited,yes,90.3,kept (active),185.6,17.64,13.85,14.66,12.94,19.62,-10.25,0.9,Buy,10.0,5y +15% a year; 10y +13%; ±20%; consensus Buy
MNST,Monster Beverage,yes,90.3,kept (active),120.7,24.78,15.41,16.92,15.36,26.73,-17.7,0.0,Buy,10.0,5y +17% a year; 10y +15%; ±27%; consensus Buy
MAR,Marriott International,yes,89.9,kept (active),133.6,34.14,21.22,20.27,18.32,27.29,-18.16,0.79,Buy,10.0,5y +20% a year; 10y +18%; ±27%; consensus Buy
STT,State Street Corporation,yes,89.8,kept (active),68.8,52.82,39.27,17.5,12.32,25.06,-11.79,1.97,Buy,10.0,5y +18% a year; 10y +12%; ±25%; consensus Buy
C,Citigroup,yes,89.7,kept (active),307.0,34.45,47.93,18.61,12.7,29.45,-14.76,1.94,Strong Buy,10.0,5y +19% a year; 10y +13%; ±29%; consensus Strong Buy
GOOG,Alphabet Inc. (Class C),yes,89.7,kept (active),6106.1,41.89,36.86,20.69,26.08,31.23,-20.75,0.25,Strong Buy,10.0,5y +21% a year; 10y +26%; ±31%; consensus Strong Buy
JCI,Johnson Controls,yes,89.7,kept (active),135.8,45.05,44.95,20.34,16.75,30.58,-12.71,0.77,Buy,10.0,5y +20% a year; 10y +17%; ±31%; consensus Buy
GTT.PA,Gaztransport & Technigaz SA,yes,89.7,kept (active),12.8,36.69,29.36,31.81,28.95,24.38,-15.0,4.15,Strong Buy,10.7,5y +32% a year; 10y +29%; ±24%; consensus Strong Buy
CSX,CSX Corporation,yes,89.3,kept (active),124.6,31.88,14.42,8.44,17.17,21.65,-13.36,1.17,Buy,10.0,5y +8% a year; 10y +17%; ±22%; consensus Buy
GOOGL,Alphabet Inc. (Class A),yes,89.3,kept (active),6161.1,43.66,37.72,20.95,25.9,31.72,-21.05,0.25,Strong Buy,10.0,5y +21% a year; 10y +26%; ±32%; consensus Strong Buy
CVX,Chevron Corporation,yes,88.8,kept (active),578.4,38.7,13.49,18.85,11.67,23.84,-20.81,3.44,Strong Buy,10.0,5y +19% a year; 10y +12%; ±24%; consensus Strong Buy
MS,Morgan Stanley,yes,88.8,kept (active),428.2,24.65,38.51,18.41,20.77,28.52,-18.83,2.19,Buy,10.0,5y +18% a year; 10y +21%; ±29%; consensus Buy
TTE.PA,TotalEnergies SE,yes,88.8,kept (active),271.4,57.09,14.09,18.54,12.32,22.81,-17.51,4.52,Buy,10.7,5y +19% a year; 10y +12%; ±23%; consensus Buy
GILD,Gilead Sciences,yes,88.2,kept (active),261.7,27.26,23.47,23.97,11.92,26.41,-21.59,2.21,Strong Buy,10.0,5y +24% a year; 10y +12%; ±26%; consensus Strong Buy
V,Visa Inc.,yes,88.2,kept (active),1004.0,6.75,14.04,14.59,18.86,22.17,-17.18,0.72,Strong Buy,10.0,5y +15% a year; 10y +19%; ±22%; consensus Strong Buy
CNQ.TO,Canadian Natural Resources Limited,yes,88.1,kept (active),140.8,55.17,22.91,29.04,18.05,30.01,-18.68,3.63,Buy,10.7,5y +29% a year; 10y +18%; ±30%; consensus Buy
EQIX,Equinix,yes,88.0,kept (active),146.3,31.14,11.34,8.08,14.87,25.26,-13.66,1.95,Strong Buy,10.0,5y +8% a year; 10y +15%; ±25%; consensus Strong Buy
JPM,JPMorgan Chase,yes,87.9,kept (active),1259.2,10.49,32.26,18.92,19.27,22.5,-15.47,1.87,Buy,10.0,5y +19% a year; 10y +19%; ±22%; consensus Buy
VRTX,Vertex Pharmaceuticals,yes,87.8,kept (active),184.2,20.06,8.55,24.24,21.08,28.47,-15.21,0.0,Strong Buy,10.0,5y +24% a year; 10y +21%; ±28%; consensus Strong Buy
PSX,Phillips 66,yes,87.7,kept (active),156.5,113.0,34.03,36.37,17.79,31.43,-17.28,1.84,Buy,10.0,5y +36% a year; 10y +18%; ±31%; consensus Buy
MRK,Merck &amp; Co.,yes,87.6,kept (active),506.3,70.12,11.75,15.4,13.7,29.13,-11.37,2.38,Buy,10.0,5y +15% a year; 10y +14%; ±29%; consensus Buy
ENEL.MI,Enel SpA,yes,87.3,kept (active),139.6,11.83,23.14,11.58,14.74,20.26,-13.7,2.97,Buy,10.7,5y +12% a year; 10y +15%; ±20%; consensus Buy
DGX,Quest Diagnostics,yes,87.0,kept (active),36.0,27.63,19.16,13.03,13.14,24.05,-11.55,1.49,Buy,10.0,5y +13% a year; 10y +13%; ±24%; consensus Buy
LLY,Lilly (Eli),yes,86.8,kept (active),1523.6,41.44,26.13,39.52,36.66,34.63,-23.18,0.56,Strong Buy,10.0,5y +40% a year; 10y +37%; ±35%; consensus Strong Buy
NUE,Nucor,yes,86.8,kept (active),80.4,80.88,16.79,20.78,18.25,32.35,-18.43,0.91,Buy,10.0,5y +21% a year; 10y +18%; ±32%; consensus Buy
ADI,Analog Devices,yes,86.7,kept (active),285.6,74.51,35.75,22.71,21.87,36.31,-20.68,1.05,Strong Buy,10.0,5y +23% a year; 10y +22%; ±36%; consensus Strong Buy
AMGN,Amgen,yes,86.3,kept (active),321.0,44.1,17.42,20.35,15.37,29.22,-16.57,2.41,Hold,10.0,5y +20% a year; 10y +15%; ±29%; consensus Hold
KMI,Kinder Morgan,yes,86.2,kept (active),101.8,17.62,26.94,21.56,9.92,21.01,-11.3,3.71,Buy,10.0,5y +22% a year; 10y +10%; ±21%; consensus Buy
DE,Deere &amp; Company,yes,86.1,kept (active),254.6,44.19,19.68,17.27,23.66,32.6,-19.9,0.99,Buy,10.0,5y +17% a year; 10y +24%; ±33%; consensus Buy
MCK,McKesson Corporation,yes,86.1,kept (active),152.5,20.93,22.88,37.22,22.26,30.87,-27.17,0.37,Strong Buy,10.0,5y +37% a year; 10y +22%; ±31%; consensus Strong Buy
VLO,Valero Energy,yes,86.1,kept (active),175.5,166.62,49.2,47.29,27.09,37.07,-12.12,1.12,Buy,10.0,5y +47% a year; 10y +27%; ±37%; consensus Buy
XOM,ExxonMobil,yes,86.1,kept (active),969.5,48.05,16.14,26.84,12.04,25.95,-20.11,2.51,Buy,10.0,5y +27% a year; 10y +12%; ±26%; consensus Buy
OKE,Oneok,yes,86.0,kept (active),79.8,28.25,12.37,14.12,12.14,27.13,-12.55,4.82,Buy,10.0,5y +14% a year; 10y +12%; ±27%; consensus Buy
NVDA,Nvidia,yes,85.9,kept (active),8241.7,25.87,74.9,58.81,61.05,37.77,-20.21,0.22,Strong Buy,10.0,5y +59% a year; 10y +61%; ±38%; consensus Strong Buy
RIO.AX,Rio Tinto Ltd,yes,85.8,kept (active),263.4,34.48,16.83,19.17,18.46,28.72,-18.78,4.1,Hold,10.0,5y +19% a year; 10y +18%; ±29%; consensus Hold
COST,Costco,yes,85.7,kept (active),600.3,3.6,17.58,16.94,23.28,20.01,-18.2,0.59,Buy,10.0,5y +17% a year; 10y +23%; ±20%; consensus Buy
BHP.AX,Bhp Group Ltd,yes,85.4,kept (active),311.0,52.1,16.37,20.64,18.8,29.4,-18.98,3.95,Hold,10.0,5y +21% a year; 10y +19%; ±29%; consensus Hold
CSCO,Cisco,yes,85.4,kept (active),665.2,70.0,30.55,21.1,19.13,34.95,-17.82,1.42,Buy,10.0,5y +21% a year; 10y +19%; ±35%; consensus Buy
MPC,Marathon Petroleum,yes,84.9,kept (active),178.5,138.27,41.64,52.02,30.04,35.52,-18.33,0.9,Buy,10.0,5y +52% a year; 10y +30%; ±36%; consensus Buy
MET,MetLife,yes,84.6,kept (active),87.5,20.1,16.91,13.93,11.38,23.79,-17.46,2.42,Buy,10.0,5y +14% a year; 10y +11%; ±24%; consensus Buy
TSM,Taiwan Semiconductor Manufacturing Company Limited,yes,84.6,kept (active),3520.0,56.7,76.56,35.98,34.31,39.21,-21.55,0.82,Strong Buy,10.7,5y +36% a year; 10y +34%; ±39%; consensus Strong Buy
QBE.AX,Qbe Insurance Group Ltd,yes,84.4,kept (active),35.2,19.86,21.54,20.12,11.98,22.88,-15.45,4.55,Buy,10.0,5y +20% a year; 10y +12%; ±23%; consensus Buy
UNP,Union Pacific Corporation,yes,84.3,kept (active),234.5,20.55,8.99,6.64,13.83,22.55,-12.79,2.02,Strong Buy,10.0,5y +7% a year; 10y +14%; ±23%; consensus Strong Buy
WMT,Walmart,yes,84.1,kept (active),1237.1,6.0,23.35,20.14,19.52,26.47,-23.34,0.91,Strong Buy,10.0,5y +20% a year; 10y +20%; ±26%; consensus Strong Buy
PFG,Principal Financial Group,yes,83.9,kept (active),33.5,37.55,17.85,15.93,11.48,22.89,-11.96,2.99,Hold,10.0,5y +16% a year; 10y +11%; ±23%; consensus Hold
LYV,Live Nation Entertainment,yes,83.9,kept (active),57.2,13.93,25.05,12.83,21.04,30.91,-20.12,0.0,Strong Buy,10.0,5y +13% a year; 10y +21%; ±31%; consensus Strong Buy
TT,Trane Technologies,yes,83.8,kept (active),147.8,10.37,32.23,24.33,26.3,28.82,-16.1,0.67,Buy,10.0,5y +24% a year; 10y +26%; ±29%; consensus Buy
ROK,Rockwell Automation,yes,83.6,kept (active),70.7,28.64,17.39,10.25,15.7,31.09,-18.73,1.25,Buy,10.0,5y +10% a year; 10y +16%; ±31%; consensus Buy
HWM,Howmet Aerospace,yes,83.4,kept (active),127.7,16.47,67.09,52.48,33.0,34.18,-23.89,0.22,Strong Buy,10.0,5y +52% a year; 10y +33%; ±34%; consensus Strong Buy
VTR,Ventas,yes,83.3,kept (active),59.0,20.61,23.57,13.89,8.09,22.57,-19.9,2.55,Strong Buy,10.0,5y +14% a year; 10y +8%; ±23%; consensus Strong Buy
AEP,American Electric Power,yes,83.0,kept (active),95.5,6.5,18.15,13.31,12.19,18.88,-14.58,3.11,Buy,10.0,5y +13% a year; 10y +12%; ±19%; consensus Buy
CFG,Citizens Financial Group,yes,82.9,kept (active),38.2,24.91,39.79,11.91,11.46,26.87,-18.32,2.92,Strong Buy,10.0,5y +12% a year; 10y +11%; ±27%; consensus Strong Buy
EMR,Emerson Electric,yes,82.9,kept (active),127.7,21.65,20.0,14.43,14.53,32.02,-23.45,1.39,Buy,10.0,5y +14% a year; 10y +15%; ±32%; consensus Buy
LIN,Linde plc,yes,82.9,kept (active),320.7,4.86,6.42,11.93,17.87,19.24,-16.03,1.3,Strong Buy,10.0,5y +12% a year; 10y +18%; ±19%; consensus Strong Buy
MA,Mastercard,yes,82.8,kept (active),717.8,-0.49,12.14,13.61,20.5,22.56,-18.48,0.59,Strong Buy,10.0,5y +14% a year; 10y +20%; ±23%; consensus Strong Buy
AFL,Aflac,yes,82.4,kept (active),81.2,2.86,12.11,20.56,15.73,17.03,-13.75,2.14,Hold,10.0,5y +21% a year; 10y +16%; ±17%; consensus Hold
BRK-B,Berkshire Hathaway,yes,82.1,kept (active),1557.7,1.28,10.75,13.82,13.33,14.64,-9.42,0.0,Buy,10.0,5y +14% a year; 10y +13%; ±15%; consensus Buy
PRY.MI,Prysmian S.p.A.,yes,81.9,kept (active),59.0,35.57,51.45,34.99,20.19,40.76,-26.9,0.73,Strong Buy,10.7,5y +35% a year; 10y +20%; ±41%; consensus Strong Buy
ETN,Eaton Corporation,yes,81.8,kept (active),240.8,15.78,25.42,25.09,24.12,39.53,-18.33,1.01,Strong Buy,10.0,5y +25% a year; 10y +24%; ±40%; consensus Strong Buy
FAST,Fastenal,yes,81.7,kept (active),82.2,7.07,18.67,16.24,19.45,25.43,-15.75,1.93,Hold,10.0,5y +16% a year; 10y +19%; ±25%; consensus Hold
NDQ.AX,Betashares NASDAQ 100 ETF,yes,81.6,kept (active),,18.24,26.03,16.83,21.78,16.28,-15.17,1.38,no coverage,10.0,5y +17% a year; 10y +22%; ±16%
KEYS,Keysight Technologies,yes,81.6,kept (active),93.3,121.52,41.99,18.07,27.52,44.89,-20.52,0.0,Strong Buy,10.0,5y +18% a year; 10y +28%; ±45%; consensus Strong Buy
PCAR,Paccar,yes,81.6,kept (active),80.8,14.38,9.8,18.4,14.92,26.89,-22.48,2.58,Buy,10.0,5y +18% a year; 10y +15%; ±27%; consensus Buy
RTX,RTX Corporation,yes,81.6,kept (active),349.2,8.52,29.14,19.59,13.7,26.17,-20.06,1.56,Buy,10.0,5y +20% a year; 10y +14%; ±26%; consensus Buy
WSM,"Williams-Sonoma, Inc.",yes,81.5,kept (active),40.7,27.59,45.14,25.15,28.28,33.4,-23.27,1.18,Buy,10.0,5y +25% a year; 10y +28%; ±33%; consensus Buy
GM,General Motors,yes,81.3,kept (active),102.1,44.84,39.44,10.95,11.88,35.53,-16.0,0.85,Strong Buy,10.0,5y +11% a year; 10y +12%; ±36%; consensus Strong Buy
IBKR,Interactive Brokers,yes,81.3,kept (active),214.9,22.29,59.77,40.67,27.3,39.53,-18.7,0.38,Buy,10.0,5y +41% a year; 10y +27%; ±40%; consensus Buy
IOO.AX,iShares Global 100 ETF,yes,81.2,kept (active),,14.73,24.08,17.58,17.42,12.06,-12.05,1.15,no coverage,10.0,5y +18% a year; 10y +17%; ±12%
SOL.AX,Washington H. Soul Pattinson And Company Ltd,yes,80.9,kept (active),17.4,20.78,14.16,10.07,14.99,19.02,-9.19,1.05,thin coverage,10.0,5y +10% a year; 10y +15%; ±19%; consensus thin coverage
ALL,Allstate,yes,80.8,kept (active),81.4,7.5,19.39,17.16,15.77,25.26,-19.02,1.89,Hold,10.0,5y +17% a year; 10y +16%; ±25%; consensus Hold
CTAS,Cintas,yes,80.8,kept (active),113.2,0.18,13.51,15.62,23.56,23.58,-20.04,0.95,Buy,10.0,5y +16% a year; 10y +24%; ±24%; consensus Buy
RSG,Republic Services,yes,80.8,kept (active),95.1,-2.92,11.33,13.11,17.41,19.38,-14.63,1.18,Buy,10.0,5y +13% a year; 10y +17%; ±19%; consensus Buy
ASML,ASML Holding N.V.,yes,80.7,kept (active),996.5,83.93,45.77,20.97,33.97,45.46,-21.95,0.24,Strong Buy,10.7,5y +21% a year; 10y +34%; ±45%; consensus Strong Buy
BAC,Bank of America,yes,80.6,kept (active),537.9,9.67,25.99,6.51,13.12,22.25,-17.93,2.17,Strong Buy,10.0,5y +7% a year; 10y +13%; ±22%; consensus Strong Buy
AMZN,Amazon,yes,80.2,kept (active),4029.6,15.41,21.39,10.79,22.45,34.5,-21.74,0.0,Strong Buy,10.0,5y +11% a year; 10y +22%; ±34%; consensus Strong Buy
GL,Globe Life,yes,80.1,kept (active),18.0,21.11,9.69,15.69,10.64,19.82,-11.98,0.77,Buy,10.0,5y +16% a year; 10y +11%; ±20%; consensus Buy
EXPD,Expeditors International,yes,80.0,kept (active),35.7,59.71,18.34,12.18,16.03,31.28,-15.88,0.83,Hold,10.0,5y +12% a year; 10y +16%; ±31%; consensus Hold
SPG,Simon Property Group,yes,80.0,kept (active),107.8,16.0,24.03,13.74,7.08,18.85,-15.63,4.5,Buy,10.0,5y +14% a year; 10y +7%; ±19%; consensus Buy
FITB,Fifth Third Bancorp,yes,80.0,kept (active),65.3,18.95,29.17,8.53,11.51,26.62,-21.21,3.23,Strong Buy,10.0,5y +9% a year; 10y +12%; ±27%; consensus Strong Buy
STLD,Steel Dynamics,yes,79.9,kept (active),48.2,61.45,27.97,32.79,24.27,36.63,-22.37,0.89,Buy,10.0,5y +33% a year; 10y +24%; ±37%; consensus Buy
NDSN,Nordson Corporation,yes,79.9,kept (active),26.2,41.59,13.61,8.16,14.02,22.04,-14.15,1.04,no coverage,10.0,5y +8% a year; 10y +14%; ±22%
SNA,Snap-on,yes,79.8,kept (active),26.8,8.96,11.43,16.93,11.52,19.56,-13.64,2.71,Buy,10.0,5y +17% a year; 10y +12%; ±20%; consensus Buy
COP,ConocoPhillips,yes,79.6,kept (active),224.2,42.86,3.03,17.5,14.71,30.86,-22.28,2.59,Buy,10.0,5y +18% a year; 10y +15%; ±31%; consensus Buy
CPU.AX,Computershare Ltd.,yes,79.6,kept (watchlist),23.0,13.56,20.63,19.57,16.56,23.21,-24.83,3.01,Hold,10.0,5y +20% a year; 10y +17%; ±23%; consensus Hold
IRM,Iron Mountain,yes,79.6,kept (active),49.5,13.53,25.47,27.12,20.75,32.88,-25.15,2.99,Strong Buy,10.0,5y +27% a year; 10y +21%; ±33%; consensus Strong Buy
NOVN.SW,Novartis AG,yes,79.6,kept (active),387.3,14.46,14.02,14.51,10.56,22.79,-14.97,3.13,Hold,10.7,5y +15% a year; 10y +11%; ±23%; consensus Hold
SU.PA,Schneider Electric S.E.,yes,79.5,kept (active),229.9,3.59,19.62,14.58,17.48,34.71,-18.41,1.66,Strong Buy,10.7,5y +15% a year; 10y +17%; ±35%; consensus Strong Buy
SIE.DE,Siemens Aktiengesellschaft,yes,79.4,kept (active),326.9,10.56,28.45,17.02,14.32,32.37,-20.5,2.02,Buy,10.7,5y +17% a year; 10y +14%; ±32%; consensus Buy
IVV.AX,iShares S&P 500 ETF,yes,79.3,kept (active),,10.5,20.92,14.41,16.01,10.31,-11.34,1.0,no coverage,10.0,5y +14% a year; 10y +16%; ±10%
MQG.AX,Macquarie Group Ltd,yes,79.3,kept (active),95.1,14.64,19.11,8.21,15.7,23.67,-15.9,2.84,no coverage,10.0,5y +8% a year; 10y +16%; ±24%
NTRS,Northern Trust,yes,79.3,kept (active),44.2,31.35,36.52,11.41,11.23,25.04,-12.39,1.95,Hold,10.0,5y +11% a year; 10y +11%; ±25%; consensus Hold
STO.AX,Santos Ltd,yes,79.3,kept (active),27.8,36.61,9.66,9.47,11.69,27.41,-14.56,3.55,Strong Buy,10.0,5y +9% a year; 10y +12%; ±27%; consensus Strong Buy
BSL.AX,Bluescope Steel Ltd,yes,79.2,kept (active),13.5,54.94,23.26,12.5,16.05,33.56,-15.13,9.89,Buy,10.0,5y +12% a year; 10y +16%; ±34%; consensus Buy
CAT,Caterpillar Inc.,yes,79.2,kept (active),537.7,63.54,50.69,36.17,27.71,40.32,-26.7,0.76,Buy,10.0,5y +36% a year; 10y +28%; ±40%; consensus Buy
HIG,Hartford (The),yes,79.2,kept (active),49.4,-2.87,18.66,15.79,13.69,19.96,-15.64,1.89,Buy,10.0,5y +16% a year; 10y +14%; ±20%; consensus Buy
RL,Ralph Lauren Corporation,yes,79.2,kept (active),30.9,10.92,45.28,27.65,16.39,35.06,-19.4,1.06,Strong Buy,10.0,5y +28% a year; 10y +16%; ±35%; consensus Strong Buy
GS,Goldman Sachs,yes,79.1,kept (active),371.3,16.5,41.97,21.28,18.4,32.22,-22.61,2.03,Hold,10.0,5y +21% a year; 10y +18%; ±32%; consensus Hold
PKG,Packaging Corporation of America,yes,79.1,kept (active),29.1,9.25,13.65,15.72,14.57,28.19,-17.21,2.42,Buy,10.0,5y +16% a year; 10y +15%; ±28%; consensus Buy
PWR,Quanta Services,yes,79.1,kept (active),151.5,58.22,56.81,44.53,37.08,44.59,-28.53,0.06,Strong Buy,10.0,5y +45% a year; 10y +37%; ±45%; consensus Strong Buy
FTNT,Fortinet,yes,79.0,kept (active),199.6,118.92,44.75,24.96,42.63,42.61,-14.34,0.0,Hold,10.0,5y +25% a year; 10y +43%; ±43%; consensus Hold
HUBB,Hubbell Incorporated,yes,78.9,kept (active),36.1,14.66,18.77,22.76,18.85,32.14,-20.91,1.19,Buy,10.0,5y +23% a year; 10y +19%; ±32%; consensus Buy
LH,Labcorp,yes,78.9,kept (active),36.4,13.55,14.0,7.64,12.71,23.88,-15.22,0.92,Strong Buy,10.0,5y +8% a year; 10y +13%; ±24%; consensus Strong Buy
SHEL.L,Shell plc,yes,78.9,kept (active),399.9,33.95,12.8,16.76,6.04,22.8,-19.82,3.05,Buy,10.7,5y +17% a year; 10y +6%; ±23%; consensus Buy
CMI,Cummins,yes,78.7,kept (active),102.4,20.29,32.53,21.24,17.67,37.01,-28.74,1.59,Buy,10.0,5y +21% a year; 10y +18%; ±37%; consensus Buy
MFF.AX,Mff Capital Investments Ltd,,78.7,too small or outside the screened markets,3.2,14.72,29.34,17.02,14.89,18.13,-13.21,5.71,,10.0,5y +17% a year; 10y +15%; ±18%
PNC,PNC Financial Services,yes,78.7,kept (active),124.8,18.26,24.31,5.93,11.42,21.89,-17.21,3.26,Buy,10.0,5y +6% a year; 10y +11%; ±22%; consensus Buy
FDX,FedEx,yes,78.6,kept (active),98.3,52.04,13.27,12.75,9.06,28.85,-17.3,1.65,Buy,10.0,5y +13% a year; 10y +9%; ±29%; consensus Buy
APH,Amphenol,yes,78.5,kept (active),310.3,40.17,59.74,38.88,28.59,45.72,-28.19,0.57,Strong Buy,10.0,5y +39% a year; 10y +29%; ±46%; consensus Strong Buy
HSBA.L,HSBC Holdings plc,yes,78.5,kept (active),446.3,29.0,28.13,26.86,8.35,26.62,-18.13,4.05,Hold,10.7,5y +27% a year; 10y +8%; ±27%; consensus Hold
VTS.AX,Vanguard US Total Market Shares ETF,yes,78.3,kept (active),,9.83,20.73,13.4,15.51,10.47,-11.05,0.78,no coverage,10.0,5y +13% a year; 10y +16%; ±10%
TXN,Texas Instruments,yes,78.0,kept (active),379.3,63.25,26.26,13.83,18.73,42.73,-23.37,1.97,Buy,10.0,5y +14% a year; 10y +19%; ±43%; consensus Buy
NTAP,NetApp,yes,78.0,kept (active),66.6,96.07,46.2,26.08,24.56,44.86,-22.15,0.66,Buy,10.0,5y +26% a year; 10y +25%; ±45%; consensus Buy
HST,Host Hotels &amp; Resorts,yes,77.7,kept (active),22.2,47.74,16.62,12.88,7.42,24.64,-15.27,7.51,Buy,10.0,5y +13% a year; 10y +7%; ±25%; consensus Buy
DRI,Darden Restaurants,yes,77.6,kept (active),32.8,10.62,11.47,12.12,14.71,27.27,-15.12,3.04,Buy,10.0,5y +12% a year; 10y +15%; ±27%; consensus Buy
APA.AX,Apa Group,yes,77.4,kept (active),14.2,25.66,16.57,11.99,8.84,15.42,-6.84,5.43,Hold,10.0,5y +12% a year; 10y +9%; ±15%; consensus Hold
NSC,Norfolk Southern,yes,77.2,kept (active),101.1,7.45,17.01,5.15,14.56,20.76,-12.47,1.72,Hold,10.0,5y +5% a year; 10y +15%; ±21%; consensus Hold
VESG.AX,Vanguard Ethically Conscious International Shares Index ETF,yes,77.1,kept (esg),,12.01,20.04,12.9,14.1,11.37,-12.37,1.29,no coverage,8.1,5y +13% a year; 10y +14%; ±11%
COR,Cencora,yes,77.0,kept (active),87.0,2.92,17.19,24.5,19.46,31.18,-32.44,0.76,Strong Buy,10.0,5y +24% a year; 10y +19%; ±31%; consensus Strong Buy
QUAL.AX,VanEck MSCI International Quality ETF,yes,76.9,kept (active),,8.42,17.28,12.12,15.57,10.11,-10.55,3.38,no coverage,10.0,5y +12% a year; 10y +16%; ±10%
FANG,Diamondback Energy,yes,76.8,kept (active),74.2,26.67,5.55,18.14,9.32,32.55,-19.09,2.31,Strong Buy,10.0,5y +18% a year; 10y +9%; ±33%; consensus Strong Buy
IHVV.AX,iShares S&P 500 (AUD Hedged) ETF,yes,76.8,kept (active),,16.2,23.3,10.73,13.33,14.02,-9.02,3.96,no coverage,10.0,5y +11% a year; 10y +13%; ±14%
VGS.AX,Vanguard MSCI Index International Shares ETF,yes,76.7,kept (active),,9.3,19.75,12.9,14.09,9.87,-10.49,1.19,no coverage,10.0,5y +13% a year; 10y +14%; ±10%
INCM.AX,Betashares S&P Global High Dividend Aristocrats ETF,yes,76.4,kept (active),,9.45,17.09,12.26,14.1,8.37,-7.05,5.07,no coverage,8.0,5y +12% a year; 10y +14%; ±8%
AXP,American Express,yes,76.3,kept (active),295.3,-5.04,25.31,14.98,18.06,26.78,-23.9,1.16,Buy,10.0,5y +15% a year; 10y +18%; ±27%; consensus Buy
TJX,TJX Companies,yes,76.3,kept (active),219.4,-0.15,14.5,19.79,16.03,21.24,-26.83,1.3,no coverage,10.0,5y +20% a year; 10y +16%; ±21%
DOV,Dover Corporation,yes,76.2,kept (active),36.4,15.46,11.13,5.1,15.08,26.26,-19.65,1.11,Strong Buy,10.0,5y +5% a year; 10y +15%; ±26%; consensus Strong Buy
CPAY,Corpay,yes,76.1,kept (active),38.0,37.69,17.86,11.99,11.33,36.96,-20.2,0.0,Strong Buy,10.0,5y +12% a year; 10y +11%; ±37%; consensus Strong Buy
CP.TO,Canadian Pacific Kansas City Limited,yes,76.1,kept (active),105.6,10.84,7.02,7.52,12.42,21.51,-11.97,0.83,Buy,10.7,5y +8% a year; 10y +12%; ±22%; consensus Buy
IEX,IDEX Corporation,yes,75.8,kept (active),24.7,42.08,5.13,3.88,11.84,22.21,-14.49,1.55,Strong Buy,10.0,5y +4% a year; 10y +12%; ±22%; consensus Strong Buy
HQLT.AX,Betashares Global Quality Leaders Currency Hedged ETF,yes,75.8,kept (active),,14.29,18.14,9.15,14.1,14.8,-9.99,4.02,no coverage,6.3,5y +9% a year; 10y +14%; ±15%
JBL,Jabil,yes,75.7,kept (active),45.1,45.17,30.97,40.58,32.45,46.84,-25.6,0.11,Strong Buy,10.0,5y +41% a year; 10y +32%; ±47%; consensus Strong Buy
VGAD.AX,Vanguard MSCI International Shares (Hedged) ETF,yes,75.7,kept (active),,16.11,22.46,10.75,12.47,13.8,-8.32,2.35,no coverage,10.0,5y +11% a year; 10y +12%; ±14%
AMP,Ameriprise Financial,yes,75.7,kept (active),62.3,1.41,14.14,13.59,18.94,26.07,-20.87,1.35,Hold,10.0,5y +14% a year; 10y +19%; ±26%; consensus Hold
FCX,Freeport-McMoRan,yes,75.6,kept (active),148.3,69.5,26.36,17.14,18.96,47.64,-24.31,0.83,Buy,10.0,5y +17% a year; 10y +19%; ±48%; consensus Buy
MO,Altria,yes,75.5,kept (active),166.5,13.23,25.48,20.12,8.87,25.87,-16.26,6.18,Hold,10.0,5y +20% a year; 10y +9%; ±26%; consensus Hold
ANZ.AX,Anz Group Holdings Ltd,yes,75.4,kept (active),113.5,13.64,21.32,12.15,8.33,21.81,-15.36,4.44,Hold,10.0,5y +12% a year; 10y +8%; ±22%; consensus Hold
PGF.AX,Pm Capital Global Opportunities Fund Ltd,,75.4,too small or outside the screened markets,2.0,22.06,29.62,19.27,17.77,21.71,-17.3,4.55,,10.0,5y +19% a year; 10y +18%; ±22%
EOG,EOG Resources,yes,75.3,kept (active),108.7,35.04,4.96,16.31,7.7,28.98,-13.65,2.83,Buy,10.0,5y +16% a year; 10y +8%; ±29%; consensus Buy
ACGL,Arch Capital Group,yes,75.2,kept (active),46.3,1.32,1.58,20.76,14.63,20.57,-14.08,0.0,Buy,10.0,5y +21% a year; 10y +15%; ±21%; consensus Buy
TMO,Thermo Fisher Scientific,yes,75.2,kept (active),351.8,23.91,11.24,2.81,18.16,29.06,-31.38,0.28,Strong Buy,10.0,5y +3% a year; 10y +18%; ±29%; consensus Strong Buy
EBAY,eBay Inc.,yes,75.2,kept (active),68.8,18.34,38.21,10.64,16.94,35.54,-19.97,1.13,Hold,10.0,5y +11% a year; 10y +17%; ±36%; consensus Hold
HNDQ.AX,Betashares NASDAQ 100 Currency Hedged ETF,yes,75.1,kept (active),,24.43,28.4,12.81,,20.35,-11.92,2.01,no coverage,6.2,5y +13% a year; ±20%
RJF,Raymond James Financial,yes,75.1,kept (active),43.4,-3.43,16.32,13.17,15.25,25.13,-18.87,1.37,Buy,10.0,5y +13% a year; 10y +15%; ±25%; consensus Buy
MSI,Motorola Solutions,yes,75.0,kept (active),106.6,-1.89,15.05,15.67,21.62,26.14,-20.82,1.08,no coverage,10.0,5y +16% a year; 10y +22%; ±26%
ALV.DE,Allianz SE,yes,74.8,kept (active),,16.44,28.4,21.57,17.25,18.19,-12.35,4.14,Hold,10.7,5y +22% a year; 10y +17%; ±18%; consensus Hold
ALD.AX,Ampol Ltd,yes,74.7,kept (active),10.4,55.75,16.62,13.4,8.49,27.64,-15.4,5.61,Buy,10.0,5y +13% a year; 10y +8%; ±28%; consensus Buy
PANW,Palo Alto Networks,yes,74.6,kept (active),476.8,86.22,45.14,38.93,34.91,47.96,-36.01,0.0,Strong Buy,10.0,5y +39% a year; 10y +35%; ±48%; consensus Strong Buy
NDAQ,"Nasdaq, Inc.",yes,74.4,kept (active),73.9,3.64,20.91,8.8,18.58,27.77,-23.38,1.26,Buy,10.0,5y +9% a year; 10y +19%; ±28%; consensus Buy
MTB,M&amp;T Bank,yes,74.3,kept (active),45.0,18.49,24.52,13.28,7.99,21.78,-16.98,2.77,Hold,10.0,5y +13% a year; 10y +8%; ±22%; consensus Hold
PLD,Prologis,yes,74.3,kept (active),177.9,13.2,8.43,1.96,13.7,21.4,-14.49,3.32,Buy,10.0,5y +2% a year; 10y +14%; ±21%; consensus Buy
UYLD.AX,Global X S&P 500 Covered Call ETF,yes,74.2,kept (active),,9.73,9.47,13.01,14.1,12.58,-7.97,10.22,no coverage,3.7,5y +13% a year; 10y +14%; ±13%
L,Loews Corporation,yes,74.1,kept (active),31.0,2.78,15.11,15.73,10.35,16.16,-12.49,0.24,no coverage,10.0,5y +16% a year; 10y +10%; ±16%
VAE.AX,Vanguard FTSE Asia ex Japan Shares ETF,yes,74.1,kept (active),,19.67,23.24,11.25,11.0,20.96,-12.66,1.81,no coverage,10.0,5y +11% a year; 10y +11%; ±21%
DBI.AX,Dalrymple Bay Infrastructure Ltd,yes,74.0,kept (active),2.7,32.92,34.58,27.87,,24.07,-14.73,4.8,Buy,5.8,5y +28% a year; ±24%; consensus Buy
WRB,W. R. Berkley Corporation,yes,73.9,kept (active),37.2,-7.92,15.12,19.17,17.79,22.29,-17.62,2.7,Hold,10.0,5y +19% a year; 10y +18%; ±22%; consensus Hold
ANET,Arista Networks,yes,73.8,kept (active),391.2,37.16,58.03,55.62,44.76,53.5,-28.33,0.0,Strong Buy,10.0,5y +56% a year; 10y +45%; ±54%; consensus Strong Buy
EVRG,Evergy,yes,73.8,kept (active),26.6,6.77,19.15,10.73,8.15,16.23,-11.14,3.46,Buy,10.0,5y +11% a year; 10y +8%; ±16%; consensus Buy
HCA,HCA Healthcare,yes,73.7,kept (active),136.7,3.73,22.09,14.64,22.04,31.11,-33.62,0.7,Buy,10.0,5y +15% a year; 10y +22%; ±31%; consensus Buy
HACK.AX,Betashares Global Cybersecurity ETF,yes,73.7,kept (active),,31.19,30.55,16.91,19.44,30.19,-28.43,3.16,no coverage,10.0,5y +17% a year; 10y +19%; ±30%
WM,Waste Management,yes,73.2,kept (active),120.0,-3.43,6.83,8.85,14.54,20.34,-17.05,1.75,Buy,10.0,5y +9% a year; 10y +15%; ±20%; consensus Buy
PGR,Progressive Corporation,yes,73.1,kept (active),178.6,-6.18,10.71,22.24,24.99,26.74,-16.34,6.49,Hold,10.0,5y +22% a year; 10y +25%; ±27%; consensus Hold
TDY,Teledyne Technologies,yes,73.1,kept (active),40.3,2.74,13.89,7.81,18.1,26.13,-15.95,0.0,Buy,10.0,5y +8% a year; 10y +18%; ±26%; consensus Buy
TEL,TE Connectivity,yes,73.1,kept (active),89.8,-2.79,20.59,11.59,15.19,35.51,-21.11,1.05,Strong Buy,10.0,5y +12% a year; 10y +15%; ±36%; consensus Strong Buy
ADM,Archer Daniels Midland,yes,73.1,kept (active),56.3,34.55,4.79,9.57,10.53,27.36,-12.29,2.54,Hold,10.0,5y +10% a year; 10y +11%; ±27%; consensus Hold
TRA.AX,Turners Automotive Group Ltd,,73.0,too small or outside the screened markets,0.6,22.39,31.72,26.44,,9.11,-5.22,3.99,,8.7,5y +26% a year; ±9%
FPH.AX,Fisher & Paykel Healthcare Corporation Ltd,yes,72.9,kept (active),22.4,16.34,27.73,6.84,19.07,24.48,-23.14,1.14,no coverage,10.0,5y +7% a year; 10y +19%; ±24%
TWR.AX,Tower Ltd,,72.7,too small or outside the screened markets,0.6,20.69,219.34,102.75,45.98,26.91,-14.43,10.99,,10.0,5y +103% a year; 10y +46%; ±27%
ENB.TO,Enbridge Inc.,yes,72.7,kept (active),146.9,0.84,21.97,11.72,7.84,16.8,-17.3,5.89,Buy,10.7,5y +12% a year; 10y +8%; ±17%; consensus Buy
MND.AX,Monadelphous Group Ltd,,72.6,too small or outside the screened markets,3.2,37.78,34.95,29.99,15.53,35.48,-16.25,3.53,,10.0,5y +30% a year; 10y +16%; ±35%
USB,U.S. Bancorp,yes,72.6,kept (active),125.8,24.13,22.4,4.65,5.89,22.57,-16.21,3.74,Buy,10.0,5y +5% a year; 10y +6%; ±23%; consensus Buy
IJP.AX,iShares MSCI Japan ETF,yes,72.5,kept (active),,17.56,18.49,11.56,9.79,19.34,-12.39,4.86,no coverage,10.0,5y +12% a year; 10y +10%; ±19%
CME,CME Group,yes,72.4,kept (active),139.7,5.97,9.64,10.36,14.36,24.15,-31.09,4.18,Buy,10.0,5y +10% a year; 10y +14%; ±24%; consensus Buy
A,Agilent Technologies,yes,72.4,kept (active),68.5,20.98,15.28,3.8,16.3,32.41,-29.75,0.6,Buy,10.0,5y +4% a year; 10y +16%; ±32%; consensus Buy
BLK,BlackRock,yes,72.2,kept (active),249.8,-6.22,19.6,6.75,14.91,27.37,-22.45,2.09,Strong Buy,10.0,5y +7% a year; 10y +15%; ±27%; consensus Strong Buy
MSFT,Microsoft,yes,72.2,kept (active),5654.0,1.77,13.67,12.5,26.86,32.78,-34.5,0.69,Strong Buy,10.0,5y +12% a year; 10y +27%; ±33%; consensus Strong Buy
JHPI.AX,JPMorgan Equity Premium Income (Hedged) Complex ETF,yes,72.1,kept (active),,6.61,7.93,13.01,14.1,12.05,-6.61,,no coverage,3.4,5y +13% a year; 10y +14%; ±12%
GRMN,Garmin,yes,71.9,kept (active),76.5,8.07,37.45,18.31,22.26,34.4,-27.06,1.41,no coverage,10.0,5y +18% a year; 10y +22%; ±34%
ED,Consolidated Edison,yes,71.8,kept (active),55.6,7.22,6.54,12.3,8.69,17.05,-10.0,3.36,Hold,10.0,5y +12% a year; 10y +9%; ±17%; consensus Hold
ESGI.AX,VanEck MSCI International Sustainable Equity ETF,yes,71.7,kept (esg),,6.69,14.31,10.26,14.1,14.65,-14.92,2.68,no coverage,8.6,5y +10% a year; 10y +14%; ±15%
GE,GE Aerospace,yes,71.5,kept (active),452.8,0.89,48.32,38.83,9.5,33.22,-20.85,0.58,Strong Buy,10.0,5y +39% a year; 10y +10%; ±33%; consensus Strong Buy
AVGO,Broadcom,yes,71.3,kept (active),2583.3,9.79,61.78,52.97,41.36,46.87,-29.44,0.69,Strong Buy,10.0,5y +53% a year; 10y +41%; ±47%; consensus Strong Buy
VEU.AX,Vanguard All-World ex-US Shares ETF,yes,71.0,kept (active),,10.81,18.15,10.67,10.59,13.05,-9.87,2.42,no coverage,10.0,5y +11% a year; 10y +11%; ±13%
VHY.AX,Vanguard Australian Shares High Yield ETF,yes,70.9,kept (active),,10.17,15.53,11.87,10.02,10.49,-4.84,3.73,no coverage,10.0,5y +12% a year; 10y +10%; ±10%
NWH.AX,Nrw Holdings Ltd,,70.9,too small or outside the screened markets,3.7,66.7,51.63,40.11,35.55,36.87,-19.07,3.0,,10.0,5y +40% a year; 10y +36%; ±37%
BFL.AX,Bsp Financial Group Ltd,,70.8,too small or outside the screened markets,3.7,9.27,24.32,20.3,,19.19,-12.63,6.77,,5.2,5y +20% a year; ±19%
IEM.AX,iShares MSCI Emerging Markets ETF,yes,70.7,kept (active),,19.53,21.54,9.56,9.58,20.89,-12.94,1.39,no coverage,10.0,5y +10% a year; 10y +10%; ±21%
EME,Emcor,yes,70.5,kept (active),49.7,13.12,51.83,47.99,29.15,45.77,-28.71,0.18,Strong Buy,10.0,5y +48% a year; 10y +29%; ±46%; consensus Strong Buy
META,Meta Platforms,yes,70.5,kept (watchlist),2641.1,0.82,30.33,19.5,20.99,41.99,-29.94,0.29,Strong Buy,10.0,5y +20% a year; 10y +21%; ±42%; consensus Strong Buy
SCHW,Charles Schwab Corporation,yes,70.5,kept (active),237.6,3.21,20.58,6.17,11.78,25.18,-19.83,1.29,Buy,10.0,5y +6% a year; 10y +12%; ±25%; consensus Buy
CF,CF Industries,yes,70.5,kept (active),24.9,28.8,12.06,19.36,18.72,42.96,-25.45,1.84,Hold,10.0,5y +19% a year; 10y +19%; ±43%; consensus Hold
ATO,Atmos Energy,yes,70.4,kept (active),38.7,-7.31,13.36,16.19,11.84,15.41,-17.8,2.51,Hold,10.0,5y +16% a year; 10y +12%; ±15%; consensus Hold
GD,General Dynamics,yes,70.4,kept (active),127.0,-4.05,9.36,14.01,9.58,22.44,-17.51,1.89,Buy,10.0,5y +14% a year; 10y +10%; ±22%; consensus Buy
CBOE,Cboe Global Markets,yes,70.3,kept (active),42.3,17.57,17.41,19.66,17.54,34.72,-36.73,0.82,Hold,10.0,5y +20% a year; 10y +18%; ±35%; consensus Hold
PRU.AX,Perseus Mining Ltd,yes,70.3,kept (active),8.3,29.7,57.34,34.45,28.33,44.3,-28.47,2.25,Buy,10.0,5y +34% a year; 10y +28%; ±44%; consensus Buy
COL.AX,Coles Group Ltd.,yes,70.2,kept (active),31.2,4.13,19.08,10.14,,20.23,-12.7,3.36,Buy,7.9,5y +10% a year; ±20%; consensus Buy
RF,Regions Financial Corporation,yes,70.2,kept (active),32.7,9.84,24.27,8.47,11.94,24.3,-18.45,4.1,Hold,10.0,5y +8% a year; 10y +12%; ±24%; consensus Hold
QOZ.AX,Betashares FTSE RAFI Australia 200 ETF,yes,70.2,kept (active),,10.66,16.43,10.81,10.0,11.8,-8.6,3.85,no coverage,10.0,5y +11% a year; 10y +10%; ±12%
AIR.PA,Airbus SE,yes,70.2,kept (active),236.4,-7.94,16.52,12.31,14.72,28.73,-27.71,1.72,Buy,10.7,5y +12% a year; 10y +15%; ±29%; consensus Buy
DTE.DE,Deutsche Telekom AG,yes,70.2,kept (active),206.9,-5.05,13.78,13.57,10.46,26.69,-27.77,3.72,Strong Buy,10.7,5y +14% a year; 10y +10%; ±27%; consensus Strong Buy
FFIV,"F5, Inc.",yes,70.0,kept (active),38.0,36.22,41.28,19.07,13.68,36.59,-34.73,0.0,no coverage,10.0,5y +19% a year; 10y +14%; ±37%
FERG,Ferguson Enterprises,yes,70.0,kept (active),59.8,-7.03,11.25,11.06,16.98,29.88,-19.36,1.66,Buy,10.0,5y +11% a year; 10y +17%; ±30%; consensus Buy
CINF,Cincinnati Financial,yes,69.9,kept (active),35.7,-0.18,16.89,10.29,11.53,20.74,-16.53,2.28,Hold,10.0,5y +10% a year; 10y +12%; ±21%; consensus Hold
SIG.AX,Sigma Healthcare Ltd,yes,69.5,kept (active),30.1,-9.25,62.59,38.35,11.15,24.06,-19.71,1.53,Buy,10.0,5y +38% a year; 10y +11%; ±24%; consensus Buy
WFC,Wells Fargo,yes,69.5,kept (active),348.8,2.86,25.74,13.92,7.93,26.7,-23.02,2.31,Buy,10.0,5y +14% a year; 10y +8%; ±27%; consensus Buy
WOW.AX,Woolworths Group Ltd,yes,68.9,kept (active),46.8,53.13,6.68,3.44,10.85,22.14,-14.71,2.5,Hold,10.0,5y +3% a year; 10y +11%; ±22%; consensus Hold
DUK,Duke Energy,yes,68.8,kept (active),129.4,-4.53,10.04,8.25,9.68,15.98,-13.67,3.71,Buy,10.0,5y +8% a year; 10y +10%; ±16%; consensus Buy
VNT.AX,Ventia Services Group Ltd,,68.8,too small or outside the screened markets,5.0,19.4,35.95,31.94,,26.06,-20.1,4.02,,4.9,5y +32% a year; ±26%
2308.TW,"Delta Electronics, Inc.",yes,68.8,kept (watchlist),229.2,101.35,82.39,53.82,31.24,55.16,-40.36,0.59,Strong Buy,10.7,5y +54% a year; 10y +31%; ±55%; consensus Strong Buy
NI,NiSource,,68.7,added,27.2,-5.18,17.06,15.72,10.59,17.74,-20.01,2.91,,10.0,5y +16% a year; 10y +11%; ±18%
JEPI.AX,JPMorgan Equity Premium Income Complex ETF,yes,68.7,kept (active),,0.23,6.46,13.01,14.1,9.25,-9.88,6.93,no coverage,3.9,5y +13% a year; 10y +14%; ±9%
S32.AX,South32 Ltd,yes,68.6,kept (active),22.2,69.36,17.19,10.95,10.38,39.86,-22.2,2.63,Buy,10.0,5y +11% a year; 10y +10%; ±40%; consensus Buy
SO,Southern Company,yes,68.6,kept (active),141.3,-8.23,8.84,12.25,11.44,17.36,-15.53,3.51,Hold,10.0,5y +12% a year; 10y +11%; ±17%; consensus Hold
MMS.AX,Mcmillan Shakespeare Ltd,yes,68.5,kept (active),1.3,19.5,12.17,15.21,13.53,26.44,-18.94,7.21,Hold,10.0,5y +15% a year; 10y +14%; ±26%; consensus Hold
LSF.AX,L1 Long Short Fund Ltd,,68.0,too small or outside the screened markets,3.0,31.22,22.41,14.0,,30.03,-16.82,3.25,,8.5,5y +14% a year; ±30%
MOAT.AX,VanEck Morningstar Wide Moat ETF,yes,68.0,kept (active),,1.88,12.06,9.92,13.98,12.39,-15.16,9.92,no coverage,10.0,5y +10% a year; 10y +14%; ±12%
DLR,Digital Realty,,67.8,not added,95.2,6.57,13.32,7.98,11.55,27.41,-16.83,2.7,,10.0,5y +8% a year; 10y +12%; ±27%
VRSN,Verisign,,67.7,not added,37.5,11.2,11.18,7.81,15.26,29.28,-20.25,1.09,,10.0,5y +8% a year; 10y +15%; ±29%
NEM,Newmont,,67.5,not added,175.0,29.64,43.27,21.18,17.19,50.25,-32.1,0.91,,10.0,5y +21% a year; 10y +17%; ±50%
NHC.AX,New Hope Corporation Ltd,,67.5,not added,4.9,61.94,8.61,37.26,23.08,36.25,-19.94,6.79,,10.0,5y +37% a year; 10y +23%; ±36%
SIQ.AX,Smartgroup Corporation Ltd,,67.5,not added,1.5,52.21,15.88,14.18,13.5,29.5,-22.52,4.88,,10.0,5y +14% a year; 10y +14%; ±30%
WDS.AX,Woodside Energy Group Ltd,yes,67.5,kept (active),61.4,49.19,4.39,15.22,7.15,29.92,-23.38,5.04,Hold,10.0,5y +15% a year; 10y +7%; ±30%; consensus Hold
DAL,Delta Air Lines,,67.4,not added,79.5,46.84,35.85,18.92,7.65,39.24,-22.9,0.94,,10.0,5y +19% a year; 10y +8%; ±39%
ECL,Ecolab,,67.2,not added,110.3,-0.08,16.13,7.47,11.16,22.07,-20.09,1.05,,10.0,5y +7% a year; 10y +11%; ±22%
PNW,Pinnacle West Capital,,67.0,not added,16.7,10.19,10.48,15.31,7.71,16.53,-15.97,3.73,,10.0,5y +15% a year; 10y +8%; ±17%
SFR.AX,Sandfire Resources Ltd,yes,67.0,kept (active),10.3,42.1,55.51,32.62,17.93,43.42,-30.92,1.58,Hold,10.0,5y +33% a year; 10y +18%; ±43%; consensus Hold
WAT,Waters Corporation,,66.8,not added,60.0,33.07,18.74,5.13,13.42,35.17,-31.32,0.0,,10.0,5y +5% a year; 10y +13%; ±35%
ORG.AX,Origin Energy Ltd,yes,66.7,kept (active),19.3,-4.26,13.0,23.42,10.72,23.83,-20.64,5.36,Buy,10.0,5y +23% a year; 10y +11%; ±24%; consensus Buy
VZ,Verizon,yes,66.7,kept (active),273.3,18.34,12.63,4.86,5.32,25.04,-17.05,6.11,Buy,10.0,5y +5% a year; 10y +5%; ±25%; consensus Buy
CASY,Casey's,,66.6,not added,32.8,14.76,29.26,29.73,19.91,37.6,-36.13,0.37,,10.0,5y +30% a year; 10y +20%; ±38%
QHAL.AX,VanEck MSCI International Quality (Hedged) ETF,yes,66.5,kept (active),,15.09,19.8,9.5,,13.96,-9.72,3.33,no coverage,7.6,5y +10% a year; ±14%
ALQ.AX,Als Ltd,yes,66.4,kept (active),10.4,-3.29,27.06,12.08,15.84,29.33,-25.96,2.08,Buy,10.0,5y +12% a year; 10y +16%; ±29%; consensus Buy
CDA.AX,Codan Ltd,yes,66.3,kept (active),11.8,103.49,105.42,48.29,48.19,52.07,-26.32,0.75,Buy,10.0,5y +48% a year; 10y +48%; ±52%; consensus Buy
NEE,NextEra Energy,yes,66.3,kept (active),231.0,-5.67,9.79,2.27,14.17,20.74,-21.73,3.16,Buy,10.0,5y +2% a year; 10y +14%; ±21%; consensus Buy
WES.AX,Wesfarmers Ltd,yes,66.2,kept (active),86.3,-11.46,17.76,9.92,15.35,21.06,-23.41,2.92,Underperform,10.0,5y +10% a year; 10y +15%; ±21%; consensus Underperform
AEE,Ameren,,66.1,not added,39.8,0.48,10.34,8.57,11.57,17.21,-15.56,2.92,,10.0,5y +9% a year; 10y +12%; ±17%
LYL.AX,Lycopodium Ltd,,66.0,not added,1.0,100.02,42.51,48.19,31.64,36.19,-22.85,2.53,,10.0,5y +48% a year; 10y +32%; ±36%
ORLY,O'Reilly Automotive,,65.9,not added,98.7,-16.03,7.7,17.17,17.56,25.96,-19.72,0.0,,10.0,5y +17% a year; 10y +18%; ±26%
TDG,TransDigm Group,,65.9,not added,86.6,-14.75,12.36,18.02,21.45,27.5,-25.79,0.0,,10.0,5y +18% a year; 10y +21%; ±28%
CNP,CenterPoint Energy,,65.8,not added,35.8,-0.39,12.33,12.7,8.97,17.24,-18.21,2.39,,10.0,5y +13% a year; 10y +9%; ±17%
PAC.AX,Pacific Current Group Ltd,,65.6,not added,0.3,17.1,10.53,12.02,14.78,29.45,-11.43,4.42,,10.0,5y +12% a year; 10y +15%; ±29%
TLS.AX,Telstra Group Ltd,yes,65.6,kept (active),53.6,6.12,13.32,9.54,4.74,14.57,-15.59,4.32,Hold,10.0,5y +10% a year; 10y +5%; ±15%; consensus Hold
HLI.AX,Helia Group Ltd,,65.4,not added,1.4,18.88,37.05,40.17,20.21,36.39,-16.88,24.32,,10.0,5y +40% a year; 10y +20%; ±36%
MPL.AX,Medibank Private Ltd,yes,65.4,kept (active),12.6,-0.93,14.69,11.09,10.45,21.03,-16.77,4.2,Hold,10.0,5y +11% a year; 10y +10%; ±21%; consensus Hold
CVL.AX,Civmec Ltd,,65.3,not added,0.9,25.65,26.35,26.18,,29.95,-18.28,3.47,,8.2,5y +26% a year; ±30%
FIX,Comfort Systems USA,,65.2,not added,87.4,106.59,106.89,83.91,51.53,57.13,-26.47,0.17,,10.0,5y +84% a year; 10y +52%; ±57%
AMD,Advanced Micro Devices,yes,65.1,kept (active),1515.4,174.18,81.77,42.21,55.17,68.32,-27.76,0.0,Strong Buy,10.0,5y +42% a year; 10y +55%; ±68%; consensus Strong Buy
DNL.AX,Dyno Nobel Ltd.,yes,65.0,kept (watchlist),7.1,30.23,21.39,13.41,6.78,28.2,-18.49,3.49,Hold,10.0,5y +13% a year; 10y +7%; ±28%; consensus Hold
NWS,News Corp (Class B),,65.0,not added,24.5,4.04,11.18,9.54,12.33,26.85,-17.71,0.63,,10.0,5y +10% a year; 10y +12%; ±27%
BKR,Baker Hughes,,64.8,not added,79.9,17.61,16.24,21.82,5.57,33.3,-23.99,1.66,,10.0,5y +22% a year; 10y +6%; ±33%
HPE,Hewlett Packard Enterprise,,64.8,not added,132.3,181.4,66.53,43.58,22.38,57.87,-26.36,0.79,,10.0,5y +44% a year; 10y +22%; ±58%
ASIA.AX,Betashares Asia Technology Tigers ETF,yes,64.8,kept (active),,48.73,44.6,17.88,,37.55,-24.12,1.79,no coverage,8.1,5y +18% a year; ±38%
LUN.TO,Lundin Mining Corporation,yes,64.8,kept (active),29.1,57.33,55.09,33.1,23.51,55.48,-33.67,0.23,Buy,10.7,5y +33% a year; 10y +24%; ±55%; consensus Buy
MPWR,Monolithic Power Systems,,64.7,not added,101.7,46.35,44.57,24.97,35.45,54.83,-32.29,0.53,,10.0,5y +25% a year; 10y +35%; ±55%
ITW,Illinois Tool Works,,64.6,not added,107.6,5.96,4.67,6.92,11.12,21.95,-17.44,2.51,,10.0,5y +7% a year; 10y +11%; ±22%
DD,DuPont,,64.5,not added,25.2,35.59,11.62,12.34,5.77,30.65,-18.6,1.83,,10.0,5y +12% a year; 10y +6%; ±31%
PMGOLD.AX,Perth Mint Gold,yes,64.2,kept (active),,-3.36,23.51,19.96,14.11,25.91,-27.18,0.0,no coverage,10.0,5y +20% a year; 10y +14%; ±26%
VEQ.AX,Vanguard FTSE Europe Shares ETF,yes,64.2,kept (active),,2.68,14.59,8.74,9.86,12.54,-12.42,2.28,no coverage,10.0,5y +9% a year; 10y +10%; ±13%
URI,United Rentals,,64.1,not added,96.7,5.18,33.96,25.21,27.89,43.87,-30.04,0.74,,10.0,5y +25% a year; 10y +28%; ±44%
DHHF.AX,Betashares Diversified All Growth ETF,yes,64.1,kept (watchlist),,6.27,16.69,10.14,,9.71,-8.03,2.05,no coverage,6.8,5y +10% a year; ±10%
CRWD,CrowdStrike,yes,63.9,kept (active),390.6,108.21,76.54,32.47,,55.01,-37.18,0.0,Strong Buy,7.3,5y +32% a year; ±55%; consensus Strong Buy
TKO,TKO Group Holdings,,63.8,not added,18.5,-6.53,26.94,27.82,28.15,31.6,-21.01,1.76,,10.0,5y +28% a year; 10y +28%; ±32%
ALL.AX,Aristocrat Leisure Ltd,yes,63.5,kept (active),35.7,-9.76,17.97,6.88,16.79,28.62,-33.78,1.64,Strong Buy,10.0,5y +7% a year; 10y +17%; ±29%; consensus Strong Buy
ORI.AX,Orica Ltd,yes,63.3,kept (active),10.8,10.19,19.11,11.36,5.46,24.66,-28.9,2.65,Strong Buy,10.0,5y +11% a year; 10y +5%; ±25%; consensus Strong Buy
BMY,Bristol Myers Squibb,,63.2,not added,179.5,40.0,6.92,6.37,5.01,27.23,-12.73,4.22,,10.0,5y +6% a year; 10y +5%; ±27%
GOLD.AX,Global X Physical Gold,yes,63.1,kept (active),,-3.67,23.18,19.63,13.75,26.72,-27.32,0.0,no coverage,10.0,5y +20% a year; 10y +14%; ±27%
PRU,Prudential Financial,,63.1,not added,55.8,14.99,9.23,7.12,6.6,22.52,-21.46,4.94,,10.0,5y +7% a year; 10y +7%; ±23%
IAG.AX,Insurance Australia Group Ltd,yes,63.0,kept (active),18.8,0.66,16.91,14.73,7.73,27.14,-22.08,3.98,Buy,10.0,5y +15% a year; 10y +8%; ±27%; consensus Buy
BN.TO,Brookfield Corporation,yes,63.0,kept (active),118.6,-16.21,24.55,7.7,13.15,27.67,-23.94,0.49,Buy,10.7,5y +8% a year; 10y +13%; ±28%; consensus Buy
IFT.AX,Infratil Ltd.,yes,62.6,kept (active),10.7,-0.13,7.42,8.54,18.22,29.68,-19.96,1.46,Buy,10.0,5y +9% a year; 10y +18%; ±30%; consensus Buy
NWSA,News Corp (Class A),,62.6,not added,22.2,6.68,9.02,7.17,11.65,26.25,-17.13,0.7,,10.0,5y +7% a year; 10y +12%; ±26%
IHD.AX,iShares S&P/ASX Dividend Opportunities ETF,yes,62.6,kept (active),,3.97,13.75,9.75,7.4,12.58,-8.32,4.23,no coverage,10.0,5y +10% a year; 10y +7%; ±13%
SHW,Sherwin-Williams,yes,62.5,kept (active),109.9,-5.8,7.55,2.43,15.39,27.52,-20.99,1.01,Buy,10.0,5y +2% a year; 10y +15%; ±28%; consensus Buy
LNT,Alliant Energy,,62.4,not added,24.0,-0.93,10.29,7.85,10.34,16.62,-18.38,3.24,,10.0,5y +8% a year; 10y +10%; ±17%
PHM,PulteGroup,,62.3,not added,31.7,-11.26,12.69,21.53,21.99,32.91,-22.6,0.93,,10.0,5y +22% a year; 10y +22%; ±33%
AYLD.AX,Global X S&P/ASX 200 Covered Call ETF,yes,62.3,kept (active),,8.0,10.65,7.17,8.73,8.94,-3.77,7.54,no coverage,3.7,5y +7% a year; 10y +9%; ±9%
ANN.AX,Ansell Ltd,,62.2,not added,6.3,42.28,31.56,10.18,9.96,26.19,-32.42,2.12,,10.0,5y +10% a year; 10y +10%; ±26%
VGE.AX,Vanguard FTSE Emerging Markets Shares ETF,yes,62.1,kept (active),,4.86,15.33,7.23,8.14,14.56,-11.31,1.44,no coverage,10.0,5y +7% a year; 10y +8%; ±15%
LMT,Lockheed Martin,yes,61.9,kept (active),165.6,-0.37,2.9,13.21,10.19,28.37,-26.87,2.76,Buy,10.0,5y +13% a year; 10y +10%; ±28%; consensus Buy
PG,Procter &amp; Gamble,yes,61.9,kept (active),493.5,0.98,-0.99,4.81,9.74,19.86,-15.52,2.9,Buy,10.0,5y +5% a year; 10y +10%; ±20%; consensus Buy
KDP,Keurig Dr Pepper,,61.8,not added,59.4,23.19,0.22,0.91,11.68,27.29,-17.71,3.01,,10.0,5y +1% a year; 10y +12%; ±27%
FE,FirstEnergy,,61.6,not added,36.0,-0.66,9.12,8.96,8.75,16.18,-15.44,4.08,,10.0,5y +9% a year; 10y +9%; ±16%
SYF,Synchrony Financial,,61.6,not added,33.6,3.04,35.26,13.28,11.0,31.76,-27.61,1.72,,10.0,5y +13% a year; 10y +11%; ±32%
XEL,Xcel Energy,,61.6,not added,64.1,-8.77,7.38,7.35,10.6,18.87,-15.39,3.24,,10.0,5y +7% a year; 10y +11%; ±19%
VDHG.AX,Vanguard Diversified High Growth Index ETF,yes,61.5,kept (watchlist),,6.3,15.71,8.65,,9.78,-7.32,3.48,no coverage,8.9,5y +9% a year; ±10%
BEN,Franklin Resources,,61.5,not added,24.0,44.5,15.24,7.45,3.96,27.72,-19.21,4.06,,10.0,5y +7% a year; 10y +4%; ±28%
TGT,Target Corporation,,61.4,not added,101.9,73.75,11.67,-5.96,11.0,30.98,-13.33,3.03,,10.0,5y -6% a year; 10y +11%; ±31%
ETHI.AX,Betashares Global Sustainability Leaders ETF,yes,61.4,kept (esg),,5.4,15.64,9.73,,11.65,-14.78,1.76,no coverage,9.8,5y +10% a year; ±12%
WEC,WEC Energy Group,,61.1,not added,47.6,-6.88,8.94,8.03,10.61,16.1,-14.46,3.64,,10.0,5y +8% a year; 10y +11%; ±16%
EW,Edwards Lifesciences,,61.1,not added,70.5,13.26,7.23,-4.97,12.94,25.44,-13.19,0.0,,10.0,5y -5% a year; 10y +13%; ±25%
CDNS,Cadence Design Systems,,61.0,not added,139.1,1.75,10.79,17.37,31.03,40.72,-34.21,0.0,,10.0,5y +17% a year; 10y +31%; ±41%
CL,Colgate-Palmolive,,61.0,not added,96.5,14.6,4.26,6.78,6.18,22.45,-16.97,2.41,,10.0,5y +7% a year; 10y +6%; ±22%
SSM.AX,Service Stream Ltd,,60.9,not added,1.5,2.63,41.34,24.0,12.72,26.28,-20.17,2.86,,10.0,5y +24% a year; 10y +13%; ±26%
STW.AX,SPDR S&P/ASX 200 ETF,yes,60.8,kept (active),,0.2,12.63,7.58,8.91,12.28,-8.44,3.91,no coverage,10.0,5y +8% a year; 10y +9%; ±12%
QAN.AX,Qantas Airways Ltd,yes,60.7,kept (active),13.2,-16.05,25.02,12.39,12.52,30.52,-25.43,4.55,Strong Buy,10.0,5y +12% a year; 10y +13%; ±31%; consensus Strong Buy
DRUG.AX,Betashares Global Healthcare ETF (Hedged),yes,60.4,kept (active),,11.56,9.0,4.34,8.77,15.08,-10.69,3.91,no coverage,10.0,5y +4% a year; 10y +9%; ±15%
MCO,Moody's Corporation,,60.3,not added,109.9,-7.46,11.07,4.68,18.24,28.0,-23.61,0.9,,10.0,5y +5% a year; 10y +18%; ±28%
MU,Micron Technology,yes,60.3,kept (active),1766.1,454.12,146.86,77.18,51.49,81.25,-39.1,0.04,Strong Buy,10.0,5y +77% a year; 10y +51%; ±81%; consensus Strong Buy
MTD,Mettler Toledo,,60.2,not added,42.8,15.43,12.55,2.32,15.02,32.01,-31.9,0.0,,10.0,5y +2% a year; 10y +15%; ±32%
NAB.AX,National Australia Bank Ltd,yes,60.2,kept (active),119.7,-11.25,15.75,10.9,8.01,22.43,-25.76,4.5,Hold,10.0,5y +11% a year; 10y +8%; ±22%; consensus Hold
SGH.AX,Sgh Ltd,yes,60.2,kept (active),30.4,-24.12,11.97,13.52,18.66,28.37,-28.85,1.71,Buy,10.0,5y +14% a year; 10y +19%; ±28%; consensus Buy
FGG.AX,Future Generation Global Ltd,yes,60.2,kept (active),,4.23,18.03,5.28,7.74,16.06,-9.69,6.92,no coverage,10.0,5y +5% a year; 10y +8%; ±16%
KEY,KeyCorp,,60.0,not added,30.8,14.13,27.14,3.32,6.48,23.94,-17.76,4.14,,10.0,5y +3% a year; 10y +6%; ±24%
INCY,Incyte,,59.9,not added,33.6,32.86,24.43,12.9,1.8,33.39,-18.33,0.0,,10.0,5y +13% a year; 10y +2%; ±33%
VAS.AX,Vanguard Australian Shares Index ETF,yes,59.8,kept (active),,-0.26,12.18,7.14,8.79,12.45,-8.56,3.22,no coverage,10.0,5y +7% a year; 10y +9%; ±12%
DVA,DaVita,,59.8,not added,16.4,38.23,27.99,13.14,11.73,45.73,-27.86,0.0,,10.0,5y +13% a year; 10y +12%; ±46%
KSC.AX,K & S Corporation Ltd,,59.6,not added,0.4,-2.27,13.17,17.87,12.28,25.87,-14.14,4.08,,10.0,5y +18% a year; 10y +12%; ±26%
CLS,Celestica Inc.,yes,59.6,kept (watchlist),67.4,45.78,141.38,108.94,42.56,76.78,-41.2,,Strong Buy,10.7,5y +109% a year; 10y +43%; ±77%; consensus Strong Buy
GMG.AX,Goodman Group,yes,59.5,kept (active),54.1,-20.85,9.29,4.95,16.96,28.99,-27.13,1.14,Strong Buy,10.0,5y +5% a year; 10y +17%; ±29%; consensus Strong Buy
CHD,Church &amp; Dwight,,59.4,not added,32.2,10.21,0.34,4.95,10.51,22.64,-13.81,1.26,,10.0,5y +5% a year; 10y +11%; ±23%
ICE,Intercontinental Exchange,,59.4,not added,121.2,-2.98,10.53,4.97,13.02,24.9,-29.32,1.34,,10.0,5y +5% a year; 10y +13%; ±25%
QAU.AX,Betashares Gold Bullion ETF (Hedged),yes,59.4,kept (active),,1.39,25.46,15.77,11.25,29.73,-28.96,5.36,no coverage,10.0,5y +16% a year; 10y +11%; ±30%
APO,Apollo Global Management,,59.3,not added,96.8,-5.88,12.7,12.37,25.25,36.67,-34.05,1.86,,10.0,5y +12% a year; 10y +25%; ±37%
BFG.AX,Bell Financial Group Ltd,,59.3,not added,0.5,18.23,19.99,1.32,15.47,29.28,-14.58,8.21,,10.0,5y +1% a year; 10y +15%; ±29%
GNG.AX,Gr Engineering Services Ltd,,59.3,not added,1.4,104.82,63.31,43.96,27.71,45.89,-25.53,3.31,,10.0,5y +44% a year; 10y +28%; ±46%
NWS.AX,News Corporation..,yes,59.3,kept (active),24.4,-3.36,11.26,8.94,11.77,26.34,-23.15,0.63,no coverage,10.0,5y +9% a year; 10y +12%; ±26%
SRG.AX,Srg Global Ltd,,59.3,not added,2.5,91.42,90.58,56.08,28.17,47.11,-23.42,1.82,,10.0,5y +56% a year; 10y +28%; ±47%
MMM,3M,,59.2,not added,120.0,5.84,28.47,6.96,5.3,26.41,-18.77,1.89,,10.0,5y +7% a year; 10y +5%; ±26%
T,AT&amp;T,,59.1,not added,239.3,-2.39,18.71,12.85,6.01,24.96,-28.89,4.54,,10.0,5y +13% a year; 10y +6%; ±25%
TPR,"Tapestry, Inc.",,59.1,not added,33.9,-1.65,59.08,29.04,16.08,41.17,-32.68,1.47,,10.0,5y +29% a year; 10y +16%; ±41%
DDR.AX,Dicker Data Ltd,,59.0,not added,2.8,67.3,19.67,5.45,27.19,36.13,-21.18,2.88,,10.0,5y +5% a year; 10y +27%; ±36%
IOZ.AX,iShares Core S&P/ASX 200 ETF,yes,58.9,kept (active),,-1.18,11.75,7.07,8.61,12.4,-8.45,3.5,no coverage,10.0,5y +7% a year; 10y +9%; ±12%
DTL.AX,Data#3 Ltd,,58.7,not added,2.1,54.06,29.9,22.7,28.29,42.33,-33.82,2.37,,10.0,5y +23% a year; 10y +28%; ±42%
PL8.AX,Plato Income Maximiser Ltd.,yes,58.7,kept (active),,2.56,11.4,10.04,,16.88,-15.47,4.75,no coverage,9.4,5y +10% a year; ±17%
SGM.AX,Sims Ltd,,58.6,not added,4.7,75.85,24.02,12.64,9.34,38.59,-24.41,1.49,,10.0,5y +13% a year; 10y +9%; ±39%
WAF.AX,West African Resources Ltd,,58.5,not added,3.9,21.53,70.91,23.23,31.74,48.07,-31.71,5.71,,10.0,5y +23% a year; 10y +32%; ±48%
EXC,Exelon,,58.5,not added,60.3,-7.74,3.01,7.18,10.58,19.33,-18.54,4.0,,10.0,5y +7% a year; 10y +11%; ±19%
AMAT,Applied Materials,,58.4,not added,616.0,140.69,54.51,33.87,34.78,59.55,-42.49,0.38,,10.0,5y +34% a year; 10y +35%; ±60%
YUM,Yum! Brands,,58.4,not added,53.4,-2.02,4.08,5.99,11.12,24.53,-18.54,2.11,,10.0,5y +6% a year; 10y +11%; ±25%
BP.L,BP p.l.c.,yes,58.2,kept (active),167.4,32.14,4.19,10.11,1.68,30.72,-24.85,4.39,Buy,10.7,5y +10% a year; 10y +2%; ±31%; consensus Buy
WHC.AX,Whitehaven Coal Ltd,,57.9,not added,6.2,18.16,3.18,30.24,16.43,37.89,-29.07,1.32,,10.0,5y +30% a year; 10y +16%; ±38%
OR.PA,L'Oréal S.A.,yes,57.9,kept (active),318.7,-0.98,-0.17,2.44,10.32,24.75,-14.44,1.94,Buy,10.7,5y +2% a year; 10y +10%; ±25%; consensus Buy
SXE.AX,Southern Cross Electrical Engineering Ltd,,57.7,not added,1.6,126.52,87.72,55.89,31.31,51.86,-19.42,2.11,,10.0,5y +56% a year; 10y +31%; ±52%
IFRA.AX,VanEck FTSE Global Infrastructure (Hedged) ETF,yes,57.7,kept (active),,3.68,13.26,5.37,6.77,11.27,-10.44,3.2,no coverage,10.0,5y +5% a year; 10y +7%; ±11%
SNL.AX,Supply Network Ltd,,57.6,not added,1.6,1.81,37.83,38.0,38.37,32.19,-27.38,2.28,,10.0,5y +38% a year; 10y +38%; ±32%
AZN.L,AstraZeneca PLC,yes,57.5,kept (active),354.3,-6.0,3.25,6.27,9.03,25.7,-26.26,1.99,Strong Buy,10.7,5y +6% a year; 10y +9%; ±26%; consensus Strong Buy
D,Dominion Energy,,57.4,not added,77.5,5.93,17.2,1.9,3.31,20.29,-15.07,4.34,,10.0,5y +2% a year; 10y +3%; ±20%
HZN.AX,Horizon Oil Ltd,,57.4,not added,0.4,13.76,26.87,39.14,31.49,40.49,-27.47,13.64,,10.0,5y +39% a year; 10y +31%; ±40%
MVW.AX,VanEck Australian Equal Weight ETF,yes,57.4,kept (active),,-1.49,10.22,6.51,8.53,13.37,-8.96,3.44,no coverage,10.0,5y +7% a year; 10y +9%; ±13%
DTE,DTE Energy,,57.3,not added,37.2,-7.03,10.25,7.48,9.26,17.41,-21.04,3.66,,10.0,5y +7% a year; 10y +9%; ±17%
KLAC,KLA Corporation,,57.2,not added,388.1,86.24,57.82,43.11,41.31,60.58,-44.47,0.43,,10.0,5y +43% a year; 10y +41%; ±61%
IVZ,Invesco,,57.1,not added,19.5,31.12,34.92,9.93,5.03,34.26,-22.03,2.79,,10.0,5y +10% a year; 10y +5%; ±34%
HON,Honeywell Technologies,yes,57.0,kept (active),94.8,2.29,3.84,2.94,9.82,27.4,-21.93,2.14,Buy,10.0,5y +3% a year; 10y +10%; ±27%; consensus Buy
SBUX,Starbucks,,57.0,not added,155.2,19.9,0.07,1.47,8.0,27.26,-14.51,2.65,,10.0,5y +1% a year; 10y +8%; ±27%
WBC.AX,Westpac Banking Corporation,yes,57.0,kept (active),115.1,-10.74,24.04,11.35,5.91,20.62,-20.02,4.57,Underperform,10.0,5y +11% a year; 10y +6%; ±21%; consensus Underperform
WST,West Pharmaceutical Services,,57.0,not added,36.9,37.21,2.08,-1.33,17.69,33.55,-24.7,0.24,,10.0,5y -1% a year; 10y +18%; ±34%
AUI.AX,Australian United Investment Company Ltd,,56.9,not added,2.5,7.56,12.73,6.83,8.69,12.98,-9.74,3.11,,10.0,5y +7% a year; 10y +9%; ±13%
TPL,Texas Pacific Land Corporation,,56.9,not added,33.7,9.53,16.85,22.94,29.29,48.55,-39.45,0.67,,10.0,5y +23% a year; 10y +29%; ±49%
ADP,Automatic Data Processing,yes,56.8,kept (active),150.4,-6.55,5.99,7.32,14.05,27.76,-33.0,2.58,Hold,10.0,5y +7% a year; 10y +14%; ±28%; consensus Hold
COF,Capital One,,56.8,not added,171.7,-6.12,22.89,8.93,11.6,32.03,-31.47,1.63,,10.0,5y +9% a year; 10y +12%; ±32%
DHI,D. R. Horton,,56.7,not added,54.3,-14.99,6.46,11.24,19.33,35.19,-21.01,1.35,,10.0,5y +11% a year; 10y +19%; ±35%
BRG.AX,Breville Group Ltd,,56.6,not added,4.4,9.44,14.06,1.97,15.22,29.72,-23.2,1.25,,10.0,5y +2% a year; 10y +15%; ±30%
EVN.AX,Evolution Mining Ltd,yes,56.6,kept (active),26.3,16.99,56.91,31.47,24.0,54.78,-40.98,3.19,Hold,10.0,5y +31% a year; 10y +24%; ±55%; consensus Hold
TMUS,T-Mobile US,yes,56.6,kept (active),258.5,-24.45,3.93,10.67,13.47,30.26,-28.23,2.43,Strong Buy,10.0,5y +11% a year; 10y +13%; ±30%; consensus Strong Buy
IQV,IQVIA,,56.6,not added,61.1,28.67,9.35,1.35,13.84,40.44,-35.87,0.0,,10.0,5y +1% a year; 10y +14%; ±40%
BG,Bunge Global,,56.4,not added,29.5,31.27,-0.17,7.12,8.36,31.68,-20.18,2.69,,10.0,5y +7% a year; 10y +8%; ±32%
G6M.AX,Group 6 Metals Ltd,,56.4,not added,0.8,16.0,197.62,82.06,54.27,44.73,-25.45,0.0,,10.0,5y +82% a year; 10y +54%; ±45%
VRT,Vertiv,yes,56.4,kept (active),136.4,47.42,79.38,59.88,,65.66,-40.7,0.1,Strong Buy,8.2,5y +60% a year; ±66%; consensus Strong Buy
SRE,Sempra,,56.3,not added,73.7,-12.07,4.62,9.6,9.02,20.25,-21.71,3.29,,10.0,5y +10% a year; 10y +9%; ±20%
RVTY,Revvity,,56.3,not added,24.3,67.84,19.6,-1.0,12.96,39.06,-30.09,0.18,,10.0,5y -1% a year; 10y +13%; ±39%
APD,Air Products,,56.2,not added,88.8,6.31,-0.84,2.66,10.31,26.64,-12.44,2.6,,10.0,5y +3% a year; 10y +10%; ±27%
ESS,Essex Property Trust,,56.2,not added,24.8,6.32,8.67,0.52,6.5,19.46,-9.48,3.86,,10.0,5y +1% a year; 10y +6%; ±19%
VDGR.AX,Vanguard Diversified Growth Index ETF,yes,56.2,kept (watchlist),,4.54,13.0,6.6,,8.03,-5.99,4.31,no coverage,8.9,5y +7% a year; ±8%
A200.AX,Betashares Australia 200 ETF,yes,55.9,kept (active),,0.43,12.45,7.54,,12.21,-8.4,3.46,no coverage,8.4,5y +8% a year; ±12%
PSA,Public Storage,,55.9,not added,76.2,0.18,6.88,2.81,8.12,23.14,-16.2,4.26,,10.0,5y +3% a year; 10y +8%; ±23%
PFE,Pfizer,yes,55.8,kept (active),229.4,16.68,0.59,-2.02,4.46,20.95,-15.72,6.14,Buy,10.0,5y -2% a year; 10y +4%; ±21%; consensus Buy
RCL,Royal Caribbean Group,,55.8,not added,106.8,-6.6,46.7,30.23,15.61,48.3,-32.73,1.95,,10.0,5y +30% a year; 10y +16%; ±48%
STX,Seagate Technology,,55.7,not added,277.5,262.08,125.75,62.45,41.97,75.64,-31.81,0.37,,10.0,5y +62% a year; 10y +42%; ±76%
CBRE,CBRE Group,,55.7,not added,53.9,-15.91,19.0,5.82,16.96,33.04,-27.37,0.0,,10.0,5y +6% a year; 10y +17%; ±33%
KIM,Kimco Realty,,55.7,not added,21.4,7.53,8.77,5.54,4.23,17.8,-16.19,4.85,,10.0,5y +6% a year; 10y +4%; ±18%
DELL,Dell Technologies,,55.6,not added,514.1,256.37,102.22,65.4,47.0,74.89,-32.34,0.4,,10.0,5y +65% a year; 10y +47%; ±75%
LRCX,Lam Research,,55.6,not added,625.0,132.24,73.92,46.12,44.39,64.63,-41.76,0.34,,10.0,5y +46% a year; 10y +44%; ±65%
MSCI,MSCI,,55.4,not added,56.0,-0.63,3.87,-0.86,24.0,30.12,-18.07,1.43,,10.0,5y -1% a year; 10y +24%; ±30%
KSL.AX,Kina Securities Ltd,,55.3,not added,0.3,-6.02,21.48,16.12,9.82,22.36,-21.78,9.65,,10.0,5y +16% a year; 10y +10%; ±22%
PPL,PPL Corporation,,55.3,not added,35.5,-6.01,11.81,8.71,5.42,17.96,-18.37,3.32,,10.0,5y +9% a year; 10y +5%; ±18%
VCX.AX,Vicinity Centres,yes,55.3,kept (active),10.8,-4.13,16.64,11.94,3.21,21.3,-16.38,5.37,Hold,10.0,5y +12% a year; 10y +3%; ±21%; consensus Hold
MAH.AX,Macmahon Holdings Ltd,,55.2,not added,2.3,151.49,102.24,46.81,31.59,54.72,-22.01,1.91,,10.0,5y +47% a year; 10y +32%; ±55%
PEG,Public Service Enterprise Group,,55.2,not added,48.8,-9.29,5.55,7.57,10.26,18.89,-21.46,3.68,,10.0,5y +8% a year; 10y +10%; ±19%
WGN.AX,Wagners Holding Company Ltd,,55.2,not added,0.9,71.25,73.89,22.0,,44.07,-23.14,1.09,,8.8,5y +22% a year; ±44%
DVN,Devon Energy,,55.1,not added,75.3,40.41,1.28,10.38,4.46,34.61,-22.15,2.34,,10.0,5y +10% a year; 10y +4%; ±35%
APZ.AX,Aspen Group,,55.0,not added,1.0,2.94,46.81,28.65,26.04,34.68,-32.15,2.35,,10.0,5y +29% a year; 10y +26%; ±35%
TER,Teradyne,,55.0,not added,100.9,185.32,66.05,26.87,34.66,77.34,-33.98,0.12,,10.0,5y +27% a year; 10y +35%; ±77%
VSO.AX,Vanguard MSCI Australian Small Companies ETF,yes,55.0,kept (active),,-4.92,13.71,4.92,9.03,17.94,-16.81,4.88,no coverage,10.0,5y +5% a year; 10y +9%; ±18%
CBA.AX,Commonwealth Bank Of Australia.,yes,54.9,kept (watchlist),247.6,-9.91,19.08,11.09,11.2,23.85,-17.93,3.41,Sell,10.0,5y +11% a year; 10y +11%; ±24%; consensus Sell
EG,Everest Group,,54.9,not added,20.3,2.43,-4.0,10.55,8.61,23.97,-14.53,1.66,,10.0,5y +11% a year; 10y +9%; ±24%
SUN.AX,Suncorp Group Ltd,yes,54.8,kept (active),20.1,-3.83,11.7,11.5,7.79,25.34,-31.83,4.17,Hold,10.0,5y +12% a year; 10y +8%; ±25%; consensus Hold
CVS,CVS Health,,54.7,not added,158.9,17.95,9.08,4.59,5.29,31.37,-22.63,3.02,,10.0,5y +5% a year; 10y +5%; ±31%
KR,Kroger,,54.7,not added,50.1,-11.05,8.55,12.31,9.34,28.89,-26.16,2.43,,10.0,5y +12% a year; 10y +9%; ±29%
GCI.AX,Gryphon Capital Income Trust,yes,54.6,kept (active),,4.91,7.54,7.3,,8.28,-4.69,7.72,no coverage,8.4,5y +7% a year; ±8%
FOXA,Fox Corporation (Class A),,54.5,not added,37.7,5.2,25.06,12.7,,35.15,-35.58,0.91,,7.6,5y +13% a year; ±35%
JBHT,J.B. Hunt,,54.5,not added,31.6,53.16,6.89,5.06,10.72,40.79,-25.27,0.8,,10.0,5y +5% a year; 10y +11%; ±41%
FLEX,Flex Ltd.,,54.5,not added,61.9,99.43,78.0,58.95,28.44,69.4,-36.43,0.0,,10.0,5y +59% a year; 10y +28%; ±69%
FOX,Fox Corporation (Class B),,54.3,not added,33.9,5.21,24.01,11.91,,33.89,-34.14,1.02,,7.6,5y +12% a year; ±34%
MYS.AX,Mystate Ltd,,54.3,not added,0.8,16.46,25.55,4.34,7.15,24.12,-12.45,5.01,,10.0,5y +4% a year; 10y +7%; ±24%
SPGI,S&amp;P Global,yes,54.3,kept (active),167.4,-12.65,3.92,-0.1,15.37,30.89,-28.48,0.94,Strong Buy,10.0,5y -0% a year; 10y +15%; ±31%; consensus Strong Buy
TFC,Truist Financial,,54.3,not added,81.6,7.69,19.49,-0.22,4.96,24.42,-20.67,4.56,,10.0,5y -0% a year; 10y +5%; ±24%
GNP.AX,Genusplus Group Ltd,,54.0,not added,2.0,60.97,105.13,55.83,,44.49,-25.8,0.59,,5.8,5y +56% a year; ±44%
RG1.AX,Regal Partners Global Investments Ltd,,54.0,not added,0.6,34.09,20.69,5.26,,25.15,-9.15,4.44,,9.1,5y +5% a year; ±25%
VETH.AX,Vanguard Ethically Conscious Australian Shares ETF,yes,54.0,kept (esg),,-8.16,10.47,5.48,8.73,13.4,-11.09,2.95,no coverage,6.0,5y +5% a year; 10y +9%; ±13%
ODFL,Old Dominion,,53.9,not added,53.8,22.05,-4.56,2.71,21.29,38.1,-30.34,0.65,,10.0,5y +3% a year; 10y +21%; ±38%
GMD.AX,Genesis Minerals Ltd,yes,53.7,kept (active),8.3,15.63,69.69,42.22,39.61,62.65,-42.99,0.71,Strong Buy,10.0,5y +42% a year; 10y +40%; ±63%; consensus Strong Buy
TCL.AX,Transurban Group,yes,53.7,kept (active),40.4,-4.02,8.06,3.56,6.66,15.51,-15.11,5.33,Hold,10.0,5y +4% a year; 10y +7%; ±16%; consensus Hold
EXR,Extra Space Storage,,53.6,not added,40.5,-3.15,9.91,-2.38,11.55,22.82,-16.7,4.92,,10.0,5y -2% a year; 10y +12%; ±23%
CMS,CMS Energy,,53.6,not added,28.7,-8.32,6.45,6.4,8.89,17.08,-20.45,3.46,,10.0,5y +6% a year; 10y +9%; ±17%
CRH,CRH plc,,53.5,not added,78.4,-30.1,13.6,15.96,13.2,32.06,-37.3,1.44,,10.0,5y +16% a year; 10y +13%; ±32%
ECHO,EchoStar,,53.2,not added,39.4,28.12,86.2,35.15,9.87,52.72,-40.84,0.0,,10.0,5y +35% a year; 10y +10%; ±53%
BKNG,Booking Holdings,yes,53.1,kept (active),168.3,-23.36,9.41,12.28,11.16,37.84,-29.68,1.05,Strong Buy,10.0,5y +12% a year; 10y +11%; ±38%; consensus Strong Buy
CHC.AX,Charter Hall Group,yes,53.1,kept (active),8.6,-16.86,31.95,4.16,19.33,29.53,-30.4,2.77,Buy,10.0,5y +4% a year; 10y +19%; ±30%; consensus Buy
ALI.AX,Argo Global Listed Infrastructure Ltd,,53.0,not added,0.5,4.86,13.04,5.18,7.46,17.69,-8.27,3.98,,10.0,5y +5% a year; 10y +7%; ±18%
HSIC,Henry Schein,,53.0,not added,13.6,29.24,5.65,3.48,4.46,25.53,-17.23,0.0,,10.0,5y +3% a year; 10y +4%; ±26%
ISRG,Intuitive Surgical,yes,53.0,kept (active),210.5,-7.49,13.13,4.44,20.27,37.02,-44.0,0.0,Buy,10.0,5y +4% a year; 10y +20%; ±37%; consensus Buy
AIG,American International Group,,52.9,not added,56.3,-7.71,6.52,9.22,5.21,24.14,-16.98,2.51,,10.0,5y +9% a year; 10y +5%; ±24%
FGX.AX,Future Generation Australia Ltd,yes,52.8,kept (active),,0.88,11.11,3.66,5.96,16.67,-11.19,5.48,no coverage,10.0,5y +4% a year; 10y +6%; ±17%
CGF.AX,Challenger Ltd,,52.7,not added,6.7,16.95,23.48,11.18,2.63,27.89,-21.49,3.37,,10.0,5y +11% a year; 10y +3%; ±28%
REG,Regency Centers,,52.7,not added,18.8,3.45,6.68,5.91,5.36,15.73,-13.5,4.27,,10.0,5y +6% a year; 10y +5%; ±16%
GDX.AX,VanEck Gold Miners ETF,yes,52.7,kept (active),,6.5,42.57,25.67,17.24,47.46,-38.41,16.87,no coverage,10.0,5y +26% a year; 10y +17%; ±47%
HBAN,Huntington Bancshares,,52.6,not added,44.5,-3.59,17.66,5.42,7.18,26.93,-21.26,4.09,,10.0,5y +5% a year; 10y +7%; ±27%
WQG.AX,Wcm Global Growth Ltd,,52.6,not added,0.6,9.27,28.58,9.86,,24.49,-20.46,4.34,,9.3,5y +10% a year; ±24%
HAS,Hasbro,,52.5,not added,18.2,23.96,27.08,4.5,4.81,30.62,-27.31,3.09,,10.0,5y +4% a year; 10y +5%; ±31%
UAL,United Airlines Holdings,,52.5,not added,52.5,12.32,42.31,20.92,5.62,48.41,-27.5,0.0,,10.0,5y +21% a year; 10y +6%; ±48%
INTC,Intel,,52.4,not added,901.2,202.22,42.38,22.1,15.84,77.27,-41.9,0.0,,10.0,5y +22% a year; 10y +16%; ±77%
BXB.AX,Brambles Ltd,yes,52.3,kept (active),25.2,-20.92,16.56,16.98,8.11,30.0,-34.3,3.45,Buy,10.0,5y +17% a year; 10y +8%; ±30%; consensus Buy
REGN,Regeneron Pharmaceuticals,,52.3,not added,108.8,32.29,-4.18,4.86,7.9,32.74,-25.85,0.5,,10.0,5y +5% a year; 10y +8%; ±33%
AZJ.AX,Aurizon Holdings Ltd,,52.2,not added,6.2,20.52,7.8,7.05,2.34,20.54,-17.81,6.27,,10.0,5y +7% a year; 10y +2%; ±21%
ARG.AX,Argo Investments Ltd,yes,52.2,kept (active),,2.57,7.27,3.68,6.25,10.58,-7.31,4.23,no coverage,10.0,5y +4% a year; 10y +6%; ±11%
HPQ,HP Inc.,,52.1,not added,41.6,25.35,8.27,6.8,12.31,46.04,-35.63,3.72,,10.0,5y +7% a year; 10y +12%; ±46%
LITE,Lumentum,,52.1,not added,139.9,581.26,196.08,70.88,40.83,98.0,-42.8,0.0,,10.0,5y +71% a year; 10y +41%; ±98%
EMR.AX,Emerald Resources Nl,,52.0,not added,4.5,27.5,35.83,46.4,31.48,55.11,-42.87,0.0,,10.0,5y +46% a year; 10y +31%; ±55%
VEA.AX,Viva Energy Group Ltd,,52.0,not added,5.2,87.66,8.66,12.28,,42.14,-23.77,3.65,,8.2,5y +12% a year; ±42%
BGA.AX,Bega Cheese Ltd,,51.8,not added,1.9,30.55,34.65,5.61,4.9,26.0,-20.83,2.27,,10.0,5y +6% a year; 10y +5%; ±26%
SCG.AX,Scentre Group,yes,51.6,kept (active),18.0,-11.42,17.89,8.02,2.96,18.7,-19.7,5.27,Buy,10.0,5y +8% a year; 10y +3%; ±19%; consensus Buy
VTRS,Viatris,,51.5,not added,29.1,81.65,26.86,11.85,-4.34,31.99,-18.97,2.74,,10.0,5y +12% a year; 10y -4%; ±32%
BDX,Becton Dickinson,,51.5,not added,69.2,21.12,-4.06,3.04,5.81,25.99,-23.08,2.21,,10.0,5y +3% a year; 10y +6%; ±26%
ARM,Arm Holdings plc,yes,51.3,kept (watchlist),451.9,76.51,75.91,13.01,14.1,76.87,-48.83,,Buy,3.1,5y +13% a year; 10y +14%; ±77%; consensus Buy
VAU.AX,Vault Minerals Ltd,,51.2,not added,6.2,25.43,41.97,28.63,25.34,56.95,-41.81,1.19,,10.0,5y +29% a year; 10y +25%; ±57%
WDC,Western Digital,,51.1,not added,215.2,235.18,130.81,62.01,26.44,80.81,-45.65,0.14,,10.0,5y +62% a year; 10y +26%; ±81%
VYS.AX,Vysarn Ltd,,51.0,not added,0.5,31.36,64.22,54.51,37.1,54.13,-35.62,0.0,,10.0,5y +55% a year; 10y +37%; ±54%
EXPE,Expedia Group,,50.9,not added,45.7,22.77,36.13,11.57,9.03,50.6,-37.44,0.71,,10.0,5y +12% a year; 10y +9%; ±51%
RG8.AX,Regal Asian Investments Ltd,,50.9,not added,0.4,9.71,15.54,8.57,,26.05,-16.74,7.29,,6.9,5y +9% a year; ±26%
ELV,Elevance Health,,50.8,not added,120.5,13.8,-4.72,1.6,13.48,34.85,-26.49,1.7,,10.0,5y +2% a year; 10y +13%; ±35%
VBLD.AX,Vanguard Global Infrastructure ETF,yes,50.8,kept (active),,-2.62,9.75,6.15,,12.63,-10.13,2.28,no coverage,8.0,5y +6% a year; ±13%
CDP.AX,Carindale Property Trust,,50.7,not added,0.4,6.61,19.01,10.02,2.17,21.4,-8.01,5.52,,10.0,5y +10% a year; 10y +2%; ±21%
FTV,Fortive,,50.7,not added,24.9,13.91,2.16,1.85,6.26,27.02,-14.84,0.44,,10.0,5y +2% a year; 10y +6%; ±27%
BCI.AX,Bci Minerals Ltd,,50.6,not added,1.8,36.14,28.16,3.14,13.59,41.41,-25.56,0.0,,10.0,5y +3% a year; 10y +14%; ±41%
VDBA.AX,Vanguard Diversified Balanced Index ETF,yes,50.6,kept (watchlist),,3.01,10.39,4.55,,6.54,-5.2,5.49,no coverage,8.9,5y +5% a year; ±7%
FMG.AX,Fortescue Ltd,yes,50.5,kept (watchlist),48.6,-13.01,-4.49,11.35,22.07,29.12,-29.49,6.84,Hold,10.0,5y +11% a year; 10y +22%; ±29%; consensus Hold
NST.AX,Northern Star Resources Ltd,yes,50.5,kept (active),34.2,-0.76,30.49,24.18,23.76,55.69,-45.32,2.29,Buy,10.0,5y +24% a year; 10y +24%; ±56%; consensus Buy
O,Realty Income,,50.5,not added,73.6,-4.61,6.61,1.59,5.56,16.7,-18.55,6.09,,10.0,5y +2% a year; 10y +6%; ±17%
QCOM,Qualcomm,yes,50.5,kept (active),271.8,7.77,16.62,9.95,13.9,54.61,-40.98,2.04,Hold,10.0,5y +10% a year; 10y +14%; ±55%; consensus Hold
TTWO,Take-Two Interactive,,50.5,not added,54.5,-20.95,11.79,4.07,16.27,32.87,-27.68,0.0,,10.0,5y +4% a year; 10y +16%; ±33%
ALK.AX,Alkane Resources Ltd,,50.4,not added,2.5,53.93,45.27,15.3,21.05,58.08,-30.4,1.11,,10.0,5y +15% a year; 10y +21%; ±58%
MLX.AX,Metals X Ltd,,50.4,not added,1.8,155.21,95.12,42.57,13.33,56.52,-26.35,0.0,,10.0,5y +43% a year; 10y +13%; ±57%
OXY,Occidental Petroleum,,50.4,not added,83.4,31.81,-3.05,15.11,1.44,35.24,-27.29,1.79,,10.0,5y +15% a year; 10y +1%; ±35%
RFF.AX,Rural Funds Group,yes,50.4,kept (active),0.7,5.78,8.32,-1.9,7.6,19.72,-15.98,6.16,Strong Buy,10.0,5y -2% a year; 10y +8%; ±20%; consensus Strong Buy
COHR,Coherent Corp.,,50.3,not added,94.9,186.76,117.95,43.03,28.39,86.83,-47.98,0.0,,10.0,5y +43% a year; 10y +28%; ±87%
MRVL,Marvell Technology,,50.2,not added,351.7,208.42,77.23,35.57,37.12,79.42,-48.35,0.08,,10.0,5y +36% a year; 10y +37%; ±79%
SNPS,Synopsys,,50.0,not added,134.9,2.72,-0.64,10.31,24.72,44.9,-31.21,0.0,,10.0,5y +10% a year; 10y +25%; ±45%
CIEN,Ciena,,49.9,not added,79.8,179.63,113.2,54.85,36.82,74.16,-49.37,0.0,,10.0,5y +55% a year; 10y +37%; ±74%
SYY,Sysco,,49.8,not added,53.4,0.32,4.74,4.33,7.29,27.3,-23.98,2.84,,10.0,5y +4% a year; 10y +7%; ±27%
AZO,AutoZone,,49.7,not added,64.9,-29.33,1.72,11.54,14.74,29.75,-31.87,0.0,,10.0,5y +12% a year; 10y +15%; ±30%
EX20.AX,Betashares Australian Ex-20 ETF,yes,49.7,kept (active),,-8.6,10.4,4.19,7.68,17.54,-15.96,2.86,no coverage,10.0,5y +4% a year; 10y +8%; ±18%
SUBD.AX,VanEck Australian Subordinated Debt ETF,yes,49.5,kept (active),,4.97,5.99,4.81,,0.9,-0.24,5.48,no coverage,7.0,5y +5% a year; ±1%
SAP.DE,SAP SE,yes,49.4,kept (active),351.0,-19.06,16.66,11.79,10.64,40.9,-46.08,1.32,Strong Buy,10.7,5y +12% a year; 10y +11%; ±41%; consensus Strong Buy
DHR,Danaher Corporation,,49.3,not added,216.3,7.39,1.98,-2.57,13.7,30.38,-32.97,0.7,,10.0,5y -3% a year; 10y +14%; ±30%
MDLZ,Mondelez International,,49.3,not added,106.7,-0.27,-3.51,3.92,7.09,23.16,-17.24,3.4,,10.0,5y +4% a year; 10y +7%; ±23%
SHOP.TO,Shopify Inc.,yes,49.3,kept (active),309.3,1.79,47.81,6.62,44.62,56.95,-47.66,,Strong Buy,10.7,5y +7% a year; 10y +45%; ±57%; consensus Strong Buy
GLW,Corning Inc.,,49.2,not added,203.3,89.13,81.2,41.3,25.28,73.36,-51.48,0.69,,10.0,5y +41% a year; 10y +25%; ±73%
UBER,Uber,yes,49.2,kept (active),201.0,-31.05,13.15,11.08,,35.14,-33.87,0.0,Strong Buy,7.4,5y +11% a year; ±35%; consensus Strong Buy
ACF.AX,Acrow Ltd,,49.1,not added,0.4,-8.67,8.43,22.35,21.82,32.67,-29.02,6.64,,10.0,5y +22% a year; 10y +22%; ±33%
VST,Vistra Corp.,,48.9,not added,67.5,-18.81,68.55,58.62,33.54,49.84,-35.93,0.55,,10.0,5y +59% a year; 10y +34%; ±50%
PYC.AX,Pyc Therapeutics Ltd,,48.7,not added,2.5,109.09,64.99,12.83,33.43,53.2,-38.79,0.0,,10.0,5y +13% a year; 10y +33%; ±53%
GLS.AX,L1 Global Long Short Fund Ltd,,48.6,not added,1.0,22.31,17.33,7.72,6.26,33.85,-23.66,1.57,,10.0,5y +8% a year; 10y +6%; ±34%
RMD.AX,Resmed Inc,yes,48.6,kept (active),45.8,-23.76,15.07,-2.02,15.47,29.34,-38.88,1.09,Strong Buy,10.0,5y -2% a year; 10y +15%; ±29%; consensus Strong Buy
HBRD.AX,Betashares Active Australian Hybrids Fund,yes,48.4,kept (active),,4.47,5.58,4.41,,1.35,-0.3,5.4,no coverage,8.9,5y +4% a year; ±1%
FPR.AX,Fleetpartners Group Ltd,,48.2,not added,1.0,83.32,27.44,15.47,3.98,40.15,-24.98,5.43,,10.0,5y +15% a year; 10y +4%; ±40%
PLS.AX,Pls Group Ltd,yes,48.2,kept (active),11.9,38.3,0.58,12.42,22.98,55.36,-45.35,1.35,Buy,10.0,5y +12% a year; 10y +23%; ±55%; consensus Buy
QPON.AX,Betashares Australian Bank Senior Floating Rate Bond ETF,yes,48.1,kept (active),,4.69,5.3,4.25,,0.84,-0.23,4.39,no coverage,9.4,5y +4% a year; ±1%
FRT,Federal Realty Investment Trust,,48.0,not added,13.3,12.36,6.25,3.16,1.76,16.35,-16.43,4.33,,10.0,5y +3% a year; 10y +2%; ±16%
CGS.AX,Cogstate Ltd,,47.9,not added,0.6,41.59,33.45,7.98,12.78,48.42,-29.45,1.17,,10.0,5y +8% a year; 10y +13%; ±48%
BKI.AX,Bki Investment Company Ltd,,47.8,not added,1.4,4.09,6.55,6.4,5.7,14.56,-8.07,5.63,,10.0,5y +6% a year; 10y +6%; ±15%
AMT,American Tower,yes,47.7,kept (watchlist),111.3,-6.82,-1.71,-5.57,8.61,26.27,-15.69,4.25,Strong Buy,10.0,5y -6% a year; 10y +9%; ±26%; consensus Strong Buy
ZBRA,Zebra Technologies,,47.6,not added,25.6,25.63,19.08,-4.78,18.21,49.49,-36.51,0.0,,10.0,5y -5% a year; 10y +18%; ±49%
GSK.L,GSK plc,yes,47.4,kept (active),133.3,8.21,5.39,4.51,0.23,24.12,-22.69,3.88,Hold,10.7,5y +5% a year; 10y +0%; ±24%; consensus Hold
IGL.AX,Ive Group Ltd,,47.3,not added,0.4,-8.41,16.16,13.65,8.87,30.69,-20.91,7.94,,10.0,5y +14% a year; 10y +9%; ±31%
BBY,Best Buy,,47.3,not added,26.5,15.78,10.3,-1.09,11.2,38.77,-32.01,4.53,,10.0,5y -1% a year; 10y +11%; ±39%
FLOT.AX,VanEck Australian Floating Rate ETF,yes,47.3,kept (active),,4.53,4.94,3.94,,1.04,-0.16,4.59,no coverage,9.2,5y +4% a year; ±1%
MRSH,Marsh McLennan,,47.1,not added,116.6,-13.33,-4.04,4.09,12.42,26.43,-23.23,2.18,,10.0,5y +4% a year; 10y +12%; ±26%
CHG.L,Chemring Group PLC,yes,47.1,kept (watchlist),2.6,-15.02,22.72,10.18,13.43,31.62,-21.82,1.62,no coverage,10.7,5y +10% a year; 10y +13%; ±32%
CRL,Charles River Laboratories,,47.0,not added,19.9,73.11,17.78,-6.24,16.49,45.16,-33.88,0.0,,10.0,5y -6% a year; 10y +16%; ±45%
ES,Eversource Energy,,47.0,not added,34.9,-7.12,8.47,0.4,6.88,24.07,-15.13,4.78,,10.0,5y +0% a year; 10y +7%; ±24%
VMRK,Vivmark Residential,,47.0,not added,66.5,-0.47,3.61,-1.91,4.42,20.89,-14.77,4.73,,10.0,5y -2% a year; 10y +4%; ±21%
IHHY.AX,iShares Global High Yield Bond (AUD Hedged) ETF,yes,47.0,kept (active),,1.31,6.98,2.7,3.45,5.45,-2.68,5.99,no coverage,10.7,5y +3% a year; 10y +3%; ±5%
AFI.AX,Australian Foundation Investment Company Ltd,yes,46.8,kept (active),,-0.7,5.59,1.81,5.72,13.33,-13.0,4.62,no coverage,10.0,5y +2% a year; 10y +6%; ±13%
DOW.AX,Downer Edi Ltd,,46.8,not added,4.4,-4.76,26.76,5.75,6.55,23.43,-23.64,4.25,,10.0,5y +6% a year; 10y +7%; ±23%
CI,Cigna,,46.7,not added,102.7,-7.15,-4.37,9.15,9.57,32.54,-20.95,2.22,,10.0,5y +9% a year; 10y +10%; ±33%
RMD,ResMed|,,46.7,not added,44.2,-19.12,14.72,-0.53,16.1,28.56,-33.7,1.09,,10.0,5y -1% a year; 10y +16%; ±29%
BHYB.AX,Betashares Australian Major Bank Hybrids ETF,yes,46.7,kept (active),,3.56,4.98,3.82,,2.46,-0.92,4.96,no coverage,5.5,5y +4% a year; ±2%
EQT,EQT Corporation,,46.6,not added,45.1,-6.18,5.65,25.03,4.96,30.84,-28.09,1.26,,10.0,5y +25% a year; 10y +5%; ±31%
RIC.AX,Ridley Corporation Ltd,,46.6,not added,0.9,-10.43,8.41,18.08,10.76,29.21,-23.47,4.15,,10.0,5y +18% a year; 10y +11%; ±29%
CNU.AX,Chorus Ltd,,46.5,not added,2.9,-12.2,6.55,7.57,11.04,18.48,-18.61,6.2,,10.0,5y +8% a year; 10y +11%; ±18%
GPT.AX,Gpt Group,yes,46.5,kept (active),8.6,-13.08,13.12,2.48,4.46,21.0,-20.86,5.39,Buy,10.0,5y +2% a year; 10y +4%; ±21%; consensus Buy
RRL.AX,Regis Resources Ltd,,46.4,not added,5.5,18.44,62.88,30.5,12.7,55.59,-41.77,4.94,,10.0,5y +30% a year; 10y +13%; ±56%
MCHP,Microchip Technology,,46.4,not added,63.5,19.64,2.64,4.92,11.89,50.59,-31.84,2.33,,10.0,5y +5% a year; 10y +12%; ±51%
JMS.AX,Jupiter Mines Ltd.,,46.3,not added,0.5,5.28,19.64,9.9,,33.29,-18.88,4.91,,8.5,5y +10% a year; ±33%
BALL,Ball Corporation,,46.3,not added,21.4,19.68,4.45,-6.17,6.31,25.87,-21.83,1.39,,10.0,5y -6% a year; 10y +6%; ±26%
CHRW,C.H. Robinson,,46.2,not added,26.5,2.39,17.42,11.07,9.43,46.32,-35.23,1.86,,10.0,5y +11% a year; 10y +9%; ±46%
MAS,Masco,,46.1,not added,19.4,1.95,8.47,4.55,10.63,35.43,-24.38,1.84,,10.0,5y +5% a year; 10y +11%; ±35%
MIN.AX,Mineral Resources Ltd,yes,46.1,kept (watchlist),9.9,15.36,-4.39,6.36,17.92,47.2,-32.29,1.67,Buy,10.0,5y +6% a year; 10y +18%; ±47%; consensus Buy
TSLA,"Tesla, Inc.",yes,46.1,kept (active),2144.7,-13.88,19.89,1.96,41.92,45.44,-39.1,0.0,Buy,10.0,5y +2% a year; 10y +42%; ±45%; consensus Buy
CWY.AX,Cleanaway Waste Management Ltd,,46.0,not added,6.0,-3.83,9.68,2.73,11.97,27.61,-25.51,2.48,,10.0,5y +3% a year; 10y +12%; ±28%
AAA.AX,Betashares Australian High Interest Cash ETF,yes,46.0,kept (active),,4.19,4.24,3.48,2.45,0.33,-0.02,4.13,no coverage,10.0,5y +3% a year; 10y +2%; ±0%
UNH,UnitedHealth Group,yes,45.7,kept (active),485.1,4.34,-11.86,-0.65,11.74,34.48,-28.56,2.41,Strong Buy,10.0,5y -1% a year; 10y +12%; ±34%; consensus Strong Buy
ISEC.AX,iShares Enhanced Cash ETF,yes,45.7,kept (active),,3.76,4.2,3.43,,0.59,-0.49,4.26,no coverage,9.3,5y +3% a year; ±1%
JBH.AX,Jb Hi-Fi Ltd,yes,45.6,kept (active),7.7,-35.41,21.17,12.77,15.79,31.45,-42.16,4.76,Hold,10.0,5y +13% a year; 10y +16%; ±31%; consensus Hold
SRL.AX,Sunrise Energy Metals Ltd,,45.6,not added,3.5,366.83,198.49,58.87,18.09,106.85,-35.07,0.0,,10.0,5y +59% a year; 10y +18%; ±107%
TNE.AX,Technology One Ltd,yes,45.6,kept (active),9.9,-21.36,29.3,21.38,19.62,43.25,-48.77,1.25,Buy,10.0,5y +21% a year; 10y +20%; ±43%; consensus Buy
MCD,McDonald's,yes,45.5,kept (active),234.8,-19.56,-4.64,2.73,10.24,19.16,-30.98,3.22,Buy,10.0,5y +3% a year; 10y +10%; ±19%; consensus Buy
NXPI,NXP Semiconductors,,45.5,not added,88.3,6.09,9.63,6.81,11.37,49.68,-33.65,1.72,,10.0,5y +7% a year; 10y +11%; ±50%
BILL.AX,iShares Core Cash ETF,yes,45.5,kept (active),,3.73,4.08,3.34,,0.56,-0.44,4.09,no coverage,9.3,5y +3% a year; ±1%
ULTA,Ulta Beauty,,45.3,not added,33.6,-3.59,9.43,9.96,8.58,34.85,-36.23,0.0,,10.0,5y +10% a year; 10y +9%; ±35%
PAYS.XA,Schroder Absolute Return Income Active ETF,yes,45.2,kept (active),,3.4,5.63,3.57,1.46,2.63,-0.89,5.1,no coverage,6.9,5y +4% a year; 10y +1%; ±3%
STE,Steris,,45.0,not added,29.2,-12.73,-2.01,0.34,14.4,25.23,-25.37,0.93,,10.0,5y +0% a year; 10y +14%; ±25%
WTW,Willis Towers Watson,,45.0,not added,38.5,-14.33,5.42,6.79,11.29,30.5,-29.04,1.31,,10.0,5y +7% a year; 10y +11%; ±30%
AWK,American Water Works,,44.9,not added,37.2,-7.21,2.18,-2.48,8.73,22.34,-15.0,2.71,,10.0,5y -2% a year; 10y +9%; ±22%
ALLE,Allegion,,44.8,not added,18.8,-16.08,12.66,5.97,10.45,27.74,-29.84,1.12,,10.0,5y +6% a year; 10y +10%; ±28%
AVY,Avery Dennison,,44.8,not added,18.5,5.45,-2.34,-1.88,11.7,25.61,-21.62,2.32,,10.0,5y -2% a year; 10y +12%; ±26%
DJRE.AX,SPDR Dow Jones Global Real Estate ETF,yes,44.8,kept (active),,-2.04,8.41,1.0,3.66,13.22,-11.7,2.93,no coverage,10.0,5y +1% a year; 10y +4%; ±13%
SKS.AX,Sks Technologies Group Ltd,,44.7,not added,1.3,107.04,261.64,116.14,37.54,68.02,-29.46,1.14,,10.0,5y +116% a year; 10y +38%; ±68%
SYK,Stryker Corporation,yes,44.6,kept (active),151.8,-25.8,-1.3,3.39,11.38,29.94,-30.01,1.28,Strong Buy,10.0,5y +3% a year; 10y +11%; ±30%; consensus Strong Buy
NFLX,Netflix,yes,44.5,kept (active),417.1,-42.6,15.75,1.8,20.61,36.53,-45.98,0.0,Buy,10.0,5y +2% a year; 10y +21%; ±37%; consensus Buy
ON,ON Semiconductor,,44.4,not added,47.5,62.17,6.46,13.2,22.59,63.56,-50.27,0.0,,10.0,5y +13% a year; 10y +23%; ±64%
PIC.AX,Perpetual Equity Investment Company Ltd,,44.4,not added,0.4,-3.45,8.05,2.82,7.14,17.63,-10.95,7.11,,10.0,5y +3% a year; 10y +7%; ±18%
VACF.AX,Vanguard Australian Corporate Fixed Interest ETF,yes,44.4,kept (active),,0.68,4.92,2.23,2.78,2.99,-2.37,4.04,no coverage,10.0,5y +2% a year; 10y +3%; ±3%
GLIN.AX,AMP Capital Global Infrastructure Securities ETF,yes,44.3,kept (active),,3.32,13.09,,,11.06,-9.66,6.41,no coverage,3.4,no 5 year record; ±11%
ABNB,Airbnb,,44.2,not added,137.6,33.87,7.54,0.38,,36.02,-21.48,0.0,,5.8,5y +0% a year; ±36%
BWP.AX,Bwp Group,,44.1,not added,2.7,-0.34,8.41,1.37,7.27,14.42,-13.16,5.46,,10.0,5y +1% a year; 10y +7%; ±14%
WMA.AX,Wam Alternative Assets Limited,yes,44.1,kept (watchlist),,1.11,2.09,3.75,2.63,17.27,-7.69,6.06,no coverage,10.7,5y +4% a year; 10y +3%; ±17%
PWH.AX,Pwr Holdings Ltd,,44.0,not added,1.0,25.33,-0.01,1.28,15.66,42.06,-21.3,0.84,,10.0,5y +1% a year; 10y +16%; ±42%
TROW,T. Rowe Price,,43.8,not added,32.1,3.52,6.83,-8.21,8.29,24.11,-19.76,4.97,,10.0,5y -8% a year; 10y +8%; ±24%
DUR.AX,Duratec Ltd,,43.7,not added,0.6,2.38,26.26,47.04,,43.89,-30.74,1.96,,5.9,5y +47% a year; ±44%
PDI.AX,Pdi Gold Ltd,,43.7,not added,4.9,70.29,56.11,36.31,23.69,70.12,-40.78,0.0,,10.0,5y +36% a year; 10y +24%; ±70%
NVR,"NVR, Inc.",,43.7,not added,23.0,-23.53,0.13,5.58,15.01,27.24,-31.29,0.0,,10.0,5y +6% a year; 10y +15%; ±27%
ETPMAG.AX,Global X Physical Silver,yes,43.6,kept (active),,17.19,32.96,21.84,14.16,60.16,-52.32,0.0,no coverage,10.0,5y +22% a year; 10y +14%; ±60%
CMM.AX,Capricorn Metals Ltd,,43.5,not added,6.6,6.32,45.77,41.64,41.41,57.76,-41.12,0.69,,10.0,5y +42% a year; 10y +41%; ±58%
MDT,Medtronic,yes,43.5,kept (active),157.2,-9.73,6.99,-1.94,5.12,23.83,-28.9,3.34,Buy,10.0,5y -2% a year; 10y +5%; ±24%; consensus Buy
HD,Home Depot (The),yes,43.4,kept (watchlist),409.8,-23.43,-0.23,-1.13,11.78,25.71,-26.54,3.25,Buy,10.0,5y -1% a year; 10y +12%; ±26%; consensus Buy
IBM,IBM,yes,43.4,kept (active),298.6,-21.84,15.27,19.31,8.76,48.91,-37.5,3.06,Buy,10.0,5y +19% a year; 10y +9%; ±49%; consensus Buy
KKR,KKR &amp; Co.,,43.4,not added,116.5,-27.59,14.79,4.91,22.22,38.33,-41.14,0.85,,10.0,5y +5% a year; 10y +22%; ±38%
WLE.AX,Wam Leaders Ltd,,43.4,not added,2.1,-0.97,3.66,3.78,6.6,14.57,-9.25,7.45,,10.0,5y +4% a year; 10y +7%; ±15%
EXE,Expand Energy,,43.4,not added,28.5,-17.09,0.67,13.58,,31.41,-30.37,2.61,,5.7,5y +14% a year; ±31%
NEM.AX,Newmont Corporation,yes,43.3,kept (active),172.1,22.91,42.34,,,47.83,-31.61,0.91,Strong Buy,3.0,no 5 year record; ±48%; consensus Strong Buy
RGN.AX,Region Group,,43.3,not added,2.4,-1.17,10.35,1.23,6.27,14.79,-13.17,6.41,,10.0,5y +1% a year; 10y +6%; ±15%
F,Ford Motor Company,,43.3,not added,69.3,8.05,10.63,0.94,6.26,38.39,-30.1,4.95,,10.0,5y +1% a year; 10y +6%; ±38%
SLB,Schlumberger,,43.2,not added,104.0,44.63,-5.18,12.45,-2.07,36.83,-22.27,2.44,,10.0,5y +12% a year; 10y -2%; ±37%
DXCM,Dexcom,,43.1,not added,46.3,24.37,-4.56,-10.14,18.88,39.78,-22.83,0.0,,10.0,5y -10% a year; 10y +19%; ±40%
CGFPD.AX,Challenger Limited,yes,43.0,kept (active),,2.72,6.04,0.93,1.46,6.17,-2.32,0.25,no coverage,3.5,5y +1% a year; 10y +1%; ±6%
NESN.SW,Nestlé S.A.,yes,42.9,kept (active),334.3,4.86,-5.71,-4.73,3.03,22.52,-15.3,4.1,Buy,10.7,5y -5% a year; 10y +3%; ±23%; consensus Buy
ABT,Abbott Laboratories,yes,42.8,kept (watchlist),245.5,-24.77,0.41,-1.85,12.96,27.21,-37.09,2.51,Strong Buy,10.0,5y -2% a year; 10y +13%; ±27%; consensus Strong Buy
AJG,Arthur J. Gallagher &amp; Co.,,42.8,not added,83.3,-25.14,-3.12,9.08,19.04,31.67,-36.42,1.21,,10.0,5y +9% a year; 10y +19%; ±32%
QRI.AX,Qualitas Real Estate Income Fund,,42.8,not added,0.9,-1.4,5.75,6.0,,12.9,-10.3,8.12,,7.9,5y +6% a year; ±13%
SMR.AX,Stanmore Resources Ltd,,42.8,not added,2.3,14.67,-7.38,25.23,19.83,45.84,-27.03,4.92,,10.0,5y +25% a year; 10y +20%; ±46%
CBAPM.AX,Commonwealth Bank of Australia,yes,42.8,kept (active),,2.76,5.64,0.93,1.46,4.99,-1.54,4.65,no coverage,3.3,5y +1% a year; 10y +1%; ±5%
NABPI.AX,National Australia Bank Limited,yes,42.7,kept (active),,3.02,5.32,0.93,1.46,4.02,-1.38,1.61,no coverage,4.3,5y +1% a year; 10y +1%; ±4%
IR,Ingersoll Rand,,42.6,not added,42.4,-4.54,5.35,9.37,,33.03,-30.56,0.1,,9.4,5y +9% a year; ±33%
MVA.AX,VanEck Australian Property ETF,yes,42.5,kept (active),,-13.83,11.92,2.23,6.13,21.42,-20.36,6.17,no coverage,10.0,5y +2% a year; 10y +6%; ±21%
ULVR.L,Unilever PLC,yes,42.5,kept (active),188.0,-1.52,3.16,2.21,1.51,22.06,-25.46,3.58,Hold,10.7,5y +2% a year; 10y +2%; ±22%; consensus Hold
PLTR,Palantir Technologies,,42.4,not added,651.9,5.75,129.03,52.03,,60.2,-48.22,0.0,,6.1,5y +52% a year; ±60%
J,Jacobs Solutions,,42.4,not added,23.2,-12.43,5.15,5.8,12.14,33.45,-34.44,1.03,,10.0,5y +6% a year; 10y +12%; ±33%
LHX,L3Harris,,42.4,not added,63.3,-22.58,8.11,3.93,11.38,28.37,-37.51,2.12,,10.0,5y +4% a year; 10y +11%; ±28%
VMC,Vulcan Materials Company,,42.1,not added,45.3,-19.21,5.18,7.67,8.64,28.38,-26.68,0.84,,10.0,5y +8% a year; 10y +9%; ±28%
REH.AX,Reece Ltd,yes,42.0,kept (active),10.3,52.22,-0.18,-2.13,8.36,36.49,-23.33,1.12,no coverage,10.0,5y -2% a year; 10y +8%; ±36%
IMD.AX,Imdex Ltd,,41.9,not added,1.8,-3.38,27.92,4.85,21.03,41.78,-26.69,1.03,,10.0,5y +5% a year; 10y +21%; ±42%
APA,APA Corporation,,41.7,not added,22.0,84.3,4.03,16.01,-0.86,45.74,-27.72,2.28,,10.0,5y +16% a year; 10y -1%; ±46%
CRED.AX,Betashares Australian Investment Grade Corporate Bond ETF,yes,41.5,kept (active),,-1.65,6.56,1.56,,4.61,-4.33,5.63,no coverage,8.4,5y +2% a year; ±5%
PCI.AX,Perpetual Credit Income Trust,,41.4,not added,0.8,-5.6,7.88,6.17,,14.73,-13.87,6.73,,7.4,5y +6% a year; ±15%
SJM,J.M. Smucker Company (The),,41.4,not added,18.0,13.96,1.57,3.98,3.09,28.4,-22.82,3.81,,10.0,5y +4% a year; 10y +3%; ±28%
SAN.PA,Sanofi,yes,41.4,kept (active),137.1,-11.15,-7.18,0.91,4.53,22.23,-18.28,5.79,Buy,10.7,5y +1% a year; 10y +5%; ±22%; consensus Buy
AUC.AX,Ausgold Ltd,,41.3,not added,0.7,31.25,63.18,22.33,15.65,66.59,-42.31,0.0,,10.0,5y +22% a year; 10y +16%; ±67%
PTC,PTC Inc.,,41.2,not added,22.5,-4.83,8.09,10.48,15.78,49.57,-45.44,0.0,,10.0,5y +10% a year; 10y +16%; ±50%
DIS,Walt Disney Company (The),yes,41.1,kept (active),260.0,-5.03,6.64,-7.1,2.14,26.94,-20.25,1.43,Strong Buy,10.0,5y -7% a year; 10y +2%; ±27%; consensus Strong Buy
PPC.AX,Peet Ltd,,41.1,not added,0.7,-15.06,15.52,13.65,9.96,35.87,-26.65,8.33,,10.0,5y +14% a year; 10y +10%; ±36%
VAF.AX,Vanguard Australian Fixed Interest ETF,yes,40.7,kept (active),,-0.45,4.16,0.59,1.67,3.61,-3.58,3.51,no coverage,10.0,5y +1% a year; 10y +2%; ±4%
ATM.AX,Pt Antam (Persero) Tbk,,40.6,not added,5.4,16.2,3.96,4.97,3.11,29.05,-24.11,5.95,,10.0,5y +5% a year; 10y +3%; ±29%
YAL.AX,Yancoal Australia Ltd,yes,40.5,kept (active),7.7,15.76,13.1,28.85,4.32,44.36,-39.77,3.3,no coverage,10.0,5y +29% a year; 10y +4%; ±44%
CIN.AX,Carlton Investments Ltd,,40.4,not added,0.9,1.22,11.65,-1.02,4.05,19.85,-12.58,3.53,,10.0,5y -1% a year; 10y +4%; ±20%
CPT,Camden Property Trust,,40.2,not added,16.0,-3.17,5.11,-5.32,6.38,19.65,-17.64,4.42,,10.0,5y -5% a year; 10y +6%; ±20%
DXC.AX,Dexus Convenience Retail Reit,,40.2,not added,0.4,-3.25,14.44,2.58,,18.28,-12.17,7.89,,9.2,5y +3% a year; ±18%
NXG.AX,Nexgen Energy (Canada) Ltd,yes,40.2,kept (active),8.6,-5.76,12.16,11.41,,51.79,-35.91,0.0,Strong Buy,5.2,5y +11% a year; ±52%; consensus Strong Buy
NRG,NRG Energy,,39.9,not added,28.8,-34.36,34.97,27.24,29.15,49.18,-47.91,1.72,,10.0,5y +27% a year; 10y +29%; ±49%
RMS.AX,Ramelius Resources Ltd,,39.8,not added,7.2,-7.43,33.82,20.78,24.02,53.28,-43.63,1.62,,10.0,5y +21% a year; 10y +24%; ±53%
IAF.AX,iShares Core Composite Bond ETF,yes,39.8,kept (active),,-1.5,3.79,0.4,1.58,3.68,-3.57,3.21,no coverage,10.0,5y +0% a year; 10y +2%; ±4%
VAP.AX,Vanguard Australian Property Securities ETF,yes,39.8,kept (active),,-16.99,10.29,1.96,5.65,18.13,-21.96,3.36,no coverage,10.0,5y +2% a year; 10y +6%; ±18%
VGB.AX,Vanguard Australian Government Bond ETF,yes,39.8,kept (active),,-0.99,3.89,0.19,1.45,3.96,-3.92,3.35,no coverage,10.0,5y +0% a year; 10y +1%; ±4%
HUB.AX,Hub24 Ltd,yes,39.7,kept (watchlist),5.3,-37.36,29.72,16.24,27.81,46.96,-46.25,1.21,Buy,10.0,5y +16% a year; 10y +28%; ±47%; consensus Buy
SLF.AX,SPDR S&P/ASX 200 Listed Property ETF,yes,39.7,kept (active),,-17.34,10.78,2.25,5.41,19.52,-22.29,5.45,no coverage,10.0,5y +2% a year; 10y +5%; ±20%
IDXX,Idexx Laboratories,,39.6,not added,58.7,-19.56,5.12,-3.81,16.72,32.07,-34.17,0.0,,10.0,5y -4% a year; 10y +17%; ±32%
AES,AES Corporation,,39.5,not added,15.3,6.4,1.68,-4.67,7.41,26.8,-18.98,4.72,,10.0,5y -5% a year; 10y +7%; ±27%
CQR.AX,Charter Hall Retail Reit,,39.5,not added,1.9,-8.61,12.52,3.79,4.85,19.57,-19.74,7.42,,10.0,5y +4% a year; 10y +5%; ±20%
LOW,Lowe's,yes,39.3,kept (watchlist),146.4,-22.02,-2.7,-1.59,12.88,27.38,-36.85,2.67,Buy,10.0,5y -2% a year; 10y +13%; ±27%; consensus Buy
DDOG,Datadog,,39.2,not added,143.1,65.33,45.03,11.96,,69.45,-48.62,0.0,,7.1,5y +12% a year; ±69%
MCY.AX,Mercury Nz Ltd,,39.1,not added,7.8,-6.88,4.16,1.37,10.71,34.53,-13.11,4.13,,10.0,5y +1% a year; 10y +11%; ±35%
EVT.AX,Evt Ltd,,38.9,not added,2.3,13.74,14.73,-0.19,3.01,26.74,-22.91,2.86,,10.0,5y -0% a year; 10y +3%; ±27%
IHCB.AX,iShares Core Global Corporate Bond (AUD Hedged) ETF,yes,38.9,kept (active),,-1.5,4.68,-0.67,1.17,4.43,-3.48,4.58,no coverage,10.7,5y -1% a year; 10y +1%; ±4%
MEZ.AX,Meridian Energy Ltd,yes,38.8,kept (active),11.6,-12.86,3.55,1.85,9.69,31.47,-17.34,4.1,no coverage,10.0,5y +2% a year; 10y +10%; ±31%
TLC.AX,The Lottery Corporation Ltd,yes,38.8,kept (active),11.0,-8.77,6.55,,,19.87,-16.68,3.33,Buy,4.4,no 5 year record; ±20%; consensus Buy
EQR.AX,Eq Resources Ltd,,38.7,not added,2.0,805.41,68.52,38.39,31.06,109.93,-43.84,0.0,,10.0,5y +38% a year; 10y +31%; ±110%
PEP,PepsiCo,yes,38.7,kept (watchlist),242.9,-7.27,-8.21,-0.51,6.1,21.08,-25.22,4.69,Hold,10.0,5y -1% a year; 10y +6%; ±21%; consensus Hold
RHC.AX,Ramsay Health Care Ltd,yes,38.7,kept (active),12.6,73.69,5.94,-3.33,-0.75,30.12,-18.2,1.67,Hold,10.0,5y -3% a year; 10y -1%; ±30%; consensus Hold
EGH.AX,Eureka Group Holdings Ltd,,38.5,not added,0.3,20.86,14.81,1.18,0.55,31.72,-17.26,2.34,,10.0,5y +1% a year; 10y +1%; ±32%
NOC,Northrop Grumman,,38.5,not added,97.6,-24.57,-1.11,9.25,9.21,27.42,-37.8,2.02,,10.0,5y +9% a year; 10y +9%; ±27%
VEEV,Veeva Systems,,38.5,not added,63.6,-6.39,10.32,-0.71,20.85,42.93,-49.37,0.0,,10.0,5y -1% a year; 10y +21%; ±43%
IGB.AX,iShares Treasury ETF,yes,38.5,kept (active),,-1.86,3.26,-0.12,1.2,3.92,-3.87,2.65,no coverage,10.0,5y -0% a year; 10y +1%; ±4%
ARES,Ares Management,,38.4,not added,38.4,-19.53,5.69,11.67,27.19,43.9,-45.52,4.47,,10.0,5y +12% a year; 10y +27%; ±44%
KVUE,Kenvue,,38.4,not added,47.5,15.63,-0.35,,,29.26,-16.21,5.96,,3.4,no 5 year record; ±29%
SW,Smurfit Westrock,,38.4,not added,32.1,-1.81,9.42,0.62,11.24,44.31,-30.5,3.28,,10.0,5y +1% a year; 10y +11%; ±44%
GDI.AX,Gdi Property Group,,38.3,not added,0.3,3.38,16.27,-4.34,1.8,16.57,-9.32,7.87,,10.0,5y -4% a year; 10y +2%; ±17%
BEN.AX,Bendigo And Adelaide Bank Ltd,,38.2,not added,6.0,-17.7,11.68,8.17,4.17,24.47,-23.17,6.16,,10.0,5y +8% a year; 10y +4%; ±24%
DJW.AX,Djerriwarrh Investments Ltd,,38.1,not added,0.8,-2.36,7.3,1.74,2.83,12.73,-10.03,5.45,,10.0,5y +2% a year; 10y +3%; ±13%
P,Everpure,,38.1,not added,,63.9,60.52,43.83,28.23,68.58,-42.26,0.0,,10.0,5y +44% a year; 10y +28%; ±69%
VEFI.AX,Vanguard Ethically Conscious Global Aggregate Bond Index (Hedged) ETF,yes,38.1,kept (esg),,-1.4,3.28,-1.35,1.46,3.74,-3.88,2.37,no coverage,8.1,5y -1% a year; 10y +1%; ±4%
BX,Blackstone Inc.,,38.0,not added,120.6,-28.37,6.55,0.67,21.97,36.81,-36.82,4.68,,10.0,5y +1% a year; 10y +22%; ±37%
NHF.AX,Nib Holdings Ltd,,37.9,not added,3.1,-8.85,0.9,3.73,6.86,22.32,-21.4,5.23,,10.0,5y +4% a year; 10y +7%; ±22%
ASX.AX,Asx Ltd,yes,37.8,kept (active),12.0,7.86,6.18,-2.84,5.91,30.47,-27.84,3.41,Hold,10.0,5y -3% a year; 10y +6%; ±30%; consensus Hold
DRR.AX,Deterra Royalties Ltd,yes,37.7,kept (active),2.1,-0.3,0.02,6.89,,25.09,-16.18,5.87,Hold,6.0,5y +7% a year; ±25%; consensus Hold
RF1.AX,Regal Investment Fund,,37.7,not added,0.7,2.66,14.09,3.59,,29.21,-14.67,3.59,,7.3,5y +4% a year; ±29%
MLM,Martin Marietta Materials,,37.6,not added,49.2,-24.3,2.96,6.37,9.78,28.39,-32.06,0.7,,10.0,5y +6% a year; 10y +10%; ±28%
LUV,Southwest Airlines,,37.4,not added,29.9,30.86,22.37,0.8,0.88,44.28,-33.49,1.73,,10.0,5y +1% a year; 10y +1%; ±44%
TCG.AX,Turaco Gold Ltd,,37.4,not added,1.0,66.34,151.19,41.14,35.94,69.16,-49.43,0.0,,10.0,5y +41% a year; 10y +36%; ±69%
AIA.AX,Auckland International Airport Ltd,yes,37.3,kept (active),11.3,-3.62,1.06,-1.39,2.66,15.95,-13.78,1.79,no coverage,10.0,5y -1% a year; 10y +3%; ±16%
OMC,Omnicom Group,,37.0,not added,29.2,-2.08,0.59,7.32,2.81,35.82,-17.85,4.27,,10.0,5y +7% a year; 10y +3%; ±36%
AUB.AX,Aub Group Ltd,,36.8,not added,3.5,-11.87,3.95,8.28,14.45,36.43,-41.84,3.54,,10.0,5y +8% a year; 10y +14%; ±36%
KP2.AX,Kore Potash Plc,,36.8,not added,0.4,-7.79,99.07,27.59,,45.67,-36.0,0.0,,8.9,5y +28% a year; ±46%
AXON,Axon Enterprise,yes,36.7,kept (active),47.4,-44.19,22.06,19.56,32.3,62.52,-54.45,0.0,Strong Buy,10.0,5y +20% a year; 10y +32%; ±63%; consensus Strong Buy
SDF.AX,Steadfast Group Ltd,,36.7,not added,6.4,-0.15,5.76,7.67,14.05,45.36,-39.91,3.63,,10.0,5y +8% a year; 10y +14%; ±45%
EOS.AX,Electro Optic Systems Holdings Ltd,,36.6,not added,2.6,28.09,128.23,27.1,22.67,97.35,-50.24,0.0,,10.0,5y +27% a year; 10y +23%; ±97%
AGVT.AX,Betashares Australian Government Bond ETF,yes,36.5,kept (active),,-2.2,4.43,-0.55,,5.33,-5.44,4.43,no coverage,7.2,5y -1% a year; ±5%
AMI.AX,Aurelia Metals Ltd,,36.3,not added,0.7,62.04,67.4,4.21,14.76,62.8,-37.14,2.3,,10.0,5y +4% a year; 10y +15%; ±63%
AMP.AX,Amp Ltd,,36.2,not added,6.2,50.2,35.69,20.38,-3.42,42.99,-38.33,2.07,,10.0,5y +20% a year; 10y -3%; ±43%
RWC.AX,Reliance Worldwide Corporation Ltd,,36.1,not added,3.6,18.76,11.98,-1.79,6.83,40.85,-30.86,0.6,,10.0,5y -2% a year; 10y +7%; ±41%
UDR,"UDR, Inc.",,36.0,not added,15.4,-3.6,2.71,-4.63,4.25,20.23,-18.39,5.19,,10.0,5y -5% a year; 10y +4%; ±20%
VIF.AX,Vanguard International Fixed Interest (Hedged) ETF,yes,36.0,kept (active),,-1.99,2.41,-1.52,0.55,4.16,-3.87,9.38,no coverage,10.0,5y -2% a year; 10y +1%; ±4%
SGLLV.AX,Ricegrowers Ltd,,35.9,not added,0.8,-22.58,35.33,21.39,,37.79,-35.16,5.49,,7.5,5y +21% a year; ±38%
CNC,Centene Corporation,,35.6,not added,44.7,69.02,-4.79,-0.24,9.35,47.6,-32.73,0.0,,10.0,5y -0% a year; 10y +9%; ±48%
PAYX,Paychex,,35.5,not added,50.6,-16.25,-2.47,0.71,9.72,29.74,-32.11,4.47,,10.0,5y +1% a year; 10y +10%; ±30%
AMC.AX,Amcor Plc,,35.4,excluded by standing instruction,27.9,3.42,0.41,-0.94,2.72,25.5,-27.14,6.31,,10.0,5y -1% a year; 10y +3%; ±26%
VBND.AX,Vanguard Global Aggregate Bond (Hedged) ETF,yes,35.3,kept (active),,-1.3,3.56,-1.18,,3.84,-3.68,9.7,no coverage,9.0,5y -1% a year; ±4%
IFF,International Flavors &amp; Fragrances,,35.0,not added,30.2,40.27,6.4,-6.74,-0.46,35.55,-19.26,1.9,,10.0,5y -7% a year; 10y -0%; ±36%
SOLV,Solventum,,35,not added,21.5,18.57,,,,29.57,-27.46,0.0,,2.6,no 5 year record; ±30%; under 3 years listed
YLDX.XA,Coolabah Global Floating-Rate High Yield Complex ETF,yes,35,kept (active),,5.07,,,,1.83,-0.65,6.42,no coverage,1.5,no 5 year record; ±2%; under 3 years listed
GIFL.XA,Lazard Global Listed Infrastructure Active ETF,yes,35,kept (active),,2.84,13.77,5.87,6.66,12.09,-12.79,10.98,no coverage,2.3,5y +6% a year; 10y +7%; ±12%; under 3 years listed
MQSD.AX,Macquarie Subordinated Debt Active ETF,yes,35,kept (active),,5.29,5.88,0.93,1.46,0.76,-0.24,5.52,no coverage,1.6,5y +1% a year; 10y +1%; ±1%; under 3 years listed
SET.AX,Solaris Australian Equity Income Plus Ltd,yes,35,kept (active),,,11.22,7.17,8.73,22.27,-7.84,0.4,no coverage,0.4,5y +7% a year; 10y +9%; ±22%; under 3 years listed
MTS.AX,Metcash Ltd,yes,34.9,kept (active),3.2,-13.21,-0.88,-0.42,9.18,23.45,-31.52,5.9,Buy,10.0,5y -0% a year; 10y +9%; ±23%; consensus Buy
RDX.AX,Redox Ltd,,34.9,not added,1.8,26.6,18.5,,,36.53,-19.57,3.81,,3.2,no 5 year record; ±37%
TLX.AX,Telix Pharmaceuticals Ltd,,34.9,not added,5.3,2.86,21.49,21.32,,55.38,-49.09,0.0,,8.9,5y +21% a year; ±55%
FFM.AX,Firefly Metals Ltd,,34.8,not added,1.4,24.62,51.6,7.57,26.28,75.01,-37.28,0.0,,10.0,5y +8% a year; 10y +26%; ±75%
ORCL,Oracle Corporation,yes,34.7,kept (active),625.5,-49.69,9.49,11.55,16.23,56.62,-62.91,1.39,Strong Buy,10.0,5y +12% a year; 10y +16%; ±57%; consensus Strong Buy
VLTO,Veralto,,34.7,not added,33.2,-7.43,6.32,,,23.14,-21.37,0.54,,3.0,no 5 year record; ±23%
HAL,Halliburton,,34.6,not added,38.1,35.42,-7.5,8.69,-2.46,35.54,-27.12,2.14,,10.0,5y +9% a year; 10y -2%; ±36%
LIN.AX,Lindian Resources Ltd,,34.6,not added,0.8,43.08,42.71,74.19,37.34,90.99,-56.22,0.0,,10.0,5y +74% a year; 10y +37%; ±91%
PNI.AX,Pinnacle Investment Management Group Ltd,yes,34.6,kept (active),3.4,-22.39,25.01,-1.07,22.32,46.0,-36.82,4.36,Strong Buy,10.0,5y -1% a year; 10y +22%; ±46%; consensus Strong Buy
LYC.AX,Lynas Rare Earths Ltd,yes,34.4,kept (active),12.5,-36.57,20.71,11.09,34.4,56.94,-43.82,0.0,Buy,10.0,5y +11% a year; 10y +34%; ±57%; consensus Buy
TSN,Tyson Foods,,34.2,not added,26.2,2.09,4.28,-3.87,2.41,26.58,-25.28,3.95,,10.0,5y -4% a year; 10y +2%; ±27%
DG,Dollar General,,34.1,not added,37.7,26.82,0.06,-8.22,6.97,37.48,-34.57,2.42,,10.0,5y -8% a year; 10y +7%; ±37%
DLTR,Dollar Tree,,34.1,not added,30.2,32.41,-1.39,3.17,3.6,41.57,-38.53,0.0,,10.0,5y +3% a year; 10y +4%; ±42%
DXI.AX,Dexus Industria Reit.,,34.1,not added,0.7,-12.08,5.13,-1.64,8.05,16.19,-19.71,7.22,,10.0,5y -2% a year; 10y +8%; ±16%
RBTZ.AX,Betashares Global Robotics and AI ETF,yes,34.1,kept (active),,-9.08,12.89,0.59,,24.97,-19.55,0.05,no coverage,8.1,5y +1% a year; ±25%
RMS.PA,Hermès International Société en commandite par actions,yes,34.1,kept (active),213.4,-40.59,-9.35,1.8,14.47,32.62,-43.1,1.42,Buy,10.7,5y +2% a year; 10y +14%; ±33%; consensus Buy
CBE.AX,Cobre Ltd,,34.0,not added,0.4,351.39,93.3,27.89,,110.83,-40.0,0.0,,6.8,5y +28% a year; ±111%
DOC,Healthpeak Properties,,34.0,not added,19.3,5.78,10.1,-5.43,1.35,29.53,-17.41,6.56,,10.0,5y -5% a year; 10y +1%; ±30%
BGL.AX,Bellevue Gold Ltd,,33.7,not added,2.3,21.72,0.91,11.54,45.51,61.01,-40.2,0.0,,10.0,5y +12% a year; 10y +46%; ±61%
TECH,Bio-Techne,,33.7,not added,16.3,20.44,7.3,-9.3,12.21,44.04,-39.26,0.44,,10.0,5y -9% a year; 10y +12%; ±44%
WPR.AX,Waypoint Reit,yes,33.7,kept (active),1.4,-15.4,6.36,1.27,5.95,16.28,-20.55,8.18,Hold,10.0,5y +1% a year; 10y +6%; ±16%; consensus Hold
BOQ.AX,Bank Of Queensland Ltd.,yes,33.6,kept (active),4.2,-4.83,13.66,-0.57,0.3,20.91,-16.46,8.62,Underperform,10.0,5y -1% a year; 10y +0%; ±21%; consensus Underperform
CIP.AX,Centuria Industrial Reit,,33.6,not added,1.7,-13.65,4.91,-0.08,7.42,16.54,-20.3,6.04,,10.0,5y -0% a year; 10y +7%; ±17%
BCN.AX,Beacon Minerals Ltd,,33.5,not added,0.4,15.69,45.34,22.75,45.26,66.25,-55.02,4.95,,10.0,5y +23% a year; 10y +45%; ±66%
CEN.AX,Contact Energy Ltd,,33.5,not added,7.4,-9.34,0.64,2.18,10.24,36.49,-17.8,4.59,,10.0,5y +2% a year; 10y +10%; ±36%
BIIB,Biogen,,33.4,not added,46.7,47.15,-5.03,-2.04,-2.07,33.44,-14.34,0.0,,10.0,5y -2% a year; 10y -2%; ±33%
AMCR,Amcor,,33.3,excluded by standing instruction,27.8,9.83,0.07,-1.0,1.88,31.38,-26.51,6.3,,10.0,5y -1% a year; 10y +2%; ±31%
CARR,Carrier Global,,33.3,not added,65.3,-6.61,3.12,4.08,,35.79,-28.85,1.72,,6.6,5y +4% a year; ±36%
GPC,Genuine Parts Company,,33.3,not added,25.2,-2.78,-0.65,3.66,6.6,33.04,-37.48,3.36,,10.0,5y +4% a year; 10y +7%; ±33%
MAA,Mid-America Apartment Communities,,33.2,not added,19.2,-11.94,-0.1,-6.18,6.69,19.07,-18.75,5.35,,10.0,5y -6% a year; 10y +7%; ±19%
EHL.AX,Emeco Holdings Ltd,,33.1,not added,0.6,0.39,30.74,4.5,6.88,35.97,-34.83,0.0,,10.0,5y +4% a year; 10y +7%; ±36%
KCN.AX,Kingsgate Consolidated Ltd.,,33.1,not added,1.3,15.66,60.64,24.28,34.95,71.96,-49.38,2.12,,10.0,5y +24% a year; 10y +35%; ±72%
CWP.AX,Cedar Woods Properties Ltd,,33.0,not added,0.5,-13.57,17.2,5.86,7.31,32.44,-29.76,6.35,,10.0,5y +6% a year; 10y +7%; ±32%
HSY,Hershey Company (The),,32.9,not added,46.3,-15.54,-5.01,2.35,8.57,26.92,-32.25,3.57,,10.0,5y +2% a year; 10y +9%; ±27%
MP1.AX,Megaport Ltd,yes,32.9,kept (active),4.7,25.68,26.78,1.59,22.69,70.09,-62.11,0.0,Strong Buy,10.0,5y +2% a year; 10y +23%; ±70%; consensus Strong Buy
WGX.AX,Westgold Resources Ltd.,,32.7,not added,4.9,-5.41,36.29,22.1,,55.26,-45.96,1.96,,9.8,5y +22% a year; ±55%
JKHY,Jack Henry &amp; Associates,,32.5,not added,14.4,-1.02,-0.46,0.22,7.46,29.17,-35.4,1.65,,10.0,5y +0% a year; 10y +7%; ±29%
PME.AX,Pro Medicus Ltd,yes,32.4,kept (watchlist),16.6,-46.93,29.05,24.85,41.31,53.92,-64.6,0.44,Buy,10.0,5y +25% a year; 10y +41%; ±54%; consensus Buy
CRM,Salesforce,yes,32.3,kept (active),265.6,-5.81,1.44,-3.73,13.2,47.74,-43.33,0.77,Buy,10.0,5y -4% a year; 10y +13%; ±48%; consensus Buy
NGI.AX,Navigator Global Investments Ltd,,32.3,not added,1.4,5.61,28.92,8.54,6.28,42.69,-38.46,0.0,,10.0,5y +9% a year; 10y +6%; ±43%
FAIR.AX,Betashares Australian Sustainability Leaders ETF,yes,32.3,kept (esg),,-14.76,6.51,0.9,,13.67,-18.41,3.18,no coverage,8.9,5y +1% a year; ±14%
AON,Aon plc,,32.0,not added,82.2,-25.61,-6.54,-1.07,10.85,27.93,-29.17,0.61,,10.0,5y -1% a year; 10y +11%; ±28%
DN1.AX,Dominion Income Trust 1,,32.0,not added,0.3,4.92,,,,9.7,-5.29,7.56,,1.6,no 5 year record; ±10%; under 3 years listed
NEU.AX,Neuren Pharmaceuticals Ltd,,32.0,not added,2.6,-3.14,23.94,60.94,32.01,59.81,-48.68,0.74,,10.0,5y +61% a year; 10y +32%; ±60%
RXL.AX,Rox Resources Ltd,,31.9,not added,0.9,16.07,38.44,10.76,12.31,66.03,-39.67,0.0,,10.0,5y +11% a year; 10y +12%; ±66%
UHS,Universal Health Services,,31.8,not added,14.9,-14.53,8.79,9.35,4.81,32.19,-42.0,0.46,,10.0,5y +9% a year; 10y +5%; ±32%
PRN.AX,Perenti Ltd,,31.7,not added,2.1,-21.88,32.36,19.35,10.34,42.12,-40.16,3.41,,10.0,5y +19% a year; 10y +10%; ±42%
REA.AX,Rea Group Ltd,yes,31.7,kept (active),19.9,-29.54,3.21,0.21,12.89,33.17,-41.37,1.95,Buy,10.0,5y +0% a year; 10y +13%; ±33%; consensus Buy
SGP.AX,Stockland,yes,31.6,kept (active),10.3,-27.95,11.94,4.5,5.91,29.89,-43.86,5.94,Buy,10.0,5y +4% a year; 10y +6%; ±30%; consensus Buy
FDC.AX,Fdc Consolidated Holdings Ltd,,31.4,not added,1.3,13.22,,,,26.55,-5.97,0.0,,0.2,no 5 year record; ±27%; under 3 years listed
REV.AX,Revolution Private Credit Income Trust,,31.4,not added,0.4,3.42,,,,8.76,-2.84,8.17,,1.1,no 5 year record; ±9%; under 3 years listed
6324.T,Harmonic Drive Systems Inc.,yes,31.4,kept (watchlist),5.3,109.66,23.97,5.02,8.59,76.0,-40.16,0.32,Buy,10.7,5y +5% a year; 10y +9%; ±76%; consensus Buy
SUL.AX,Super Retail Group Ltd,,31.3,not added,2.9,-12.87,6.56,7.45,9.78,32.99,-34.76,4.86,,10.0,5y +7% a year; 10y +10%; ±33%
BNZ.AX,Benz Mining Corp.,,31.2,not added,1.8,182.35,126.01,45.47,,90.28,-48.3,0.0,,5.8,5y +45% a year; ±90%
BVS.AX,Bravura Solutions Ltd.,,31.2,not added,1.4,2.12,73.96,11.06,14.78,58.76,-48.72,8.19,,9.9,5y +11% a year; 10y +15%; ±59%
CCL.AX,Cuscal Ltd,,31.2,not added,1.3,68.11,,,,31.71,-15.41,1.8,,1.9,no 5 year record; ±32%; under 3 years listed
GNRC,Generac,,31.2,not added,18.4,29.19,34.1,-13.63,19.42,57.66,-40.78,0.0,,10.0,5y -14% a year; 10y +19%; ±58%
MA1.AX,Ma Credit Income Trust,,31.2,not added,0.5,3.11,,,,9.7,-6.17,7.98,,1.6,no 5 year record; ±10%; under 3 years listed
TGN.AX,Tungsten Mining Nl,,31.2,not added,0.4,198.61,42.06,6.76,19.53,98.93,-46.67,0.0,,10.0,5y +7% a year; 10y +20%; ±99%
AGL.AX,Agl Energy Ltd.,,31.1,not added,5.5,-1.63,-2.58,13.17,-3.78,24.26,-21.47,5.95,,10.0,5y +13% a year; 10y -4%; ±24%
APE.AX,Eagers Automotive Ltd,,30.9,not added,5.1,-45.75,16.35,8.53,11.61,38.46,-46.97,4.22,,10.0,5y +9% a year; 10y +12%; ±38%
HUM,Humana,,30.9,not added,67.0,34.49,-10.46,-0.55,8.18,45.82,-44.37,0.67,,10.0,5y -1% a year; 10y +8%; ±46%
EUR.AX,European Lithium Ltd,,30.8,not added,0.7,133.33,80.93,23.32,22.14,136.31,-67.74,0.0,,10.0,5y +23% a year; 10y +22%; ±136%
SRV.AX,Servcorp Ltd,,30.8,not added,0.6,-16.74,29.97,12.98,2.49,33.25,-28.78,5.67,,10.0,5y +13% a year; 10y +2%; ±33%
NCK.AX,Nick Scali Ltd,yes,30.7,kept (active),1.2,-33.22,14.05,4.84,14.85,40.21,-46.87,5.53,Buy,10.0,5y +5% a year; 10y +15%; ±40%; consensus Buy
XYZ,"Block, Inc.",,30.7,not added,64.2,-6.21,20.07,-20.2,20.44,46.81,-39.28,0.0,,10.0,5y -20% a year; 10y +20%; ±47%
SHA.AX,Shape Australia Corporation Ltd,,30.6,not added,0.7,52.94,79.43,,,42.47,-21.62,4.16,,4.8,no 5 year record; ±42%
REL.L,RELX PLC,yes,30.5,kept (active),86.9,-23.11,-2.75,4.19,6.04,35.58,-42.65,2.62,Strong Buy,10.7,5y +4% a year; 10y +6%; ±36%; consensus Strong Buy
ELS.AX,Elsight Ltd,,30.4,not added,1.2,97.13,121.33,57.88,,80.91,-50.84,0.0,,9.3,5y +58% a year; ±81%
HII,Huntington Ingalls Industries,,30.3,not added,15.2,-8.88,4.93,9.17,6.66,38.46,-42.84,2.12,,10.0,5y +9% a year; 10y +7%; ±38%
XYL,Xylem Inc.,,30.3,not added,34.2,-30.33,1.15,-2.12,9.2,25.37,-33.12,1.66,,10.0,5y -2% a year; 10y +9%; ±25%
HDN.AX,Homeco Daily Needs Reit,yes,30.2,kept (active),2.3,-14.16,7.45,1.0,,18.85,-21.62,7.96,Buy,5.9,5y +1% a year; ±19%; consensus Buy
RMC.AX,Resimac Group Ltd,,30.1,not added,0.3,-20.27,11.96,-3.28,14.74,35.8,-27.1,23.6,,10.0,5y -3% a year; 10y +15%; ±36%
MEI.AX,Meteoric Resources Ltd,,29.9,not added,0.7,37.14,-0.68,66.07,36.46,102.99,-45.1,0.0,,10.0,5y +66% a year; 10y +36%; ±103%
BR,Broadridge Financial Solutions,,29.7,not added,25.5,-30.77,-3.19,1.25,12.34,29.23,-41.41,2.51,,10.0,5y +1% a year; 10y +12%; ±29%
WHF.AX,Whitefield Industrials Ltd,,29.6,not added,0.6,-12.46,0.78,-0.2,4.96,13.77,-16.81,5.62,,10.0,5y -0% a year; 10y +5%; ±14%
WGB.AX,Wam Global Ltd,yes,29.6,kept (active),,-16.95,8.12,0.02,,20.54,-20.9,6.62,no coverage,8.3,5y +0% a year; ±21%
AYA.AX,Artrya Ltd,,29.4,not added,0.5,21.72,145.37,20.78,,83.97,-49.76,0.0,,4.9,5y +21% a year; ±84%
EIX,Edison International,,29.4,not added,29.8,7.48,-2.67,3.57,2.79,36.84,-35.97,7.98,,10.0,5y +4% a year; 10y +3%; ±37%
4DX.AX,4Dmedical Ltd,,29.2,not added,2.5,78.73,104.04,23.86,,103.93,-54.26,0.0,,6.2,5y +24% a year; ±104%
GLF.AX,Gemlife Communities Group,yes,29.2,kept (watchlist),1.7,0.47,,,,26.85,-21.5,0.25,Strong Buy,1.2,no 5 year record; ±27%; consensus Strong Buy; under 3 years listed
ILMN,"Illumina, Inc.",,29.1,not added,,173.84,32.08,-6.41,8.4,49.66,-25.66,0.0,,10.0,5y -6% a year; 10y +8%; ±50%
KKC.AX,Kkr Credit Income Fund,,29.1,not added,0.7,-3.62,4.7,-0.72,,14.76,-12.25,9.92,,6.9,5y -1% a year; ±15%
AFP.AX,Aft Pharmaceuticals Ltd,,29.0,not added,0.4,45.95,4.05,-1.52,2.24,40.83,-17.27,0.38,,10.0,5y -2% a year; 10y +2%; ±41%
GNE.AX,Genesis Energy Ltd,,29.0,not added,2.6,-3.19,2.99,-2.94,6.52,28.47,-17.79,6.23,,10.0,5y -3% a year; 10y +7%; ±28%
PPG,PPG Industries,,29.0,not added,33.6,6.14,-5.61,-4.65,3.59,30.49,-25.68,2.73,,10.0,5y -5% a year; 10y +4%; ±30%
FSLR,First Solar,,29.0,not added,27.0,-22.15,5.02,10.28,20.57,55.05,-45.92,0.0,,10.0,5y +10% a year; 10y +21%; ±55%
IPG.AX,Ipd Group Ltd,,28.8,not added,0.7,74.25,21.77,,,43.05,-25.98,2.38,,4.8,no 5 year record; ±43%
UPS,United Parcel Service,,28.4,not added,113.7,14.03,-10.77,-9.92,2.32,30.1,-20.56,7.11,,10.0,5y -10% a year; 10y +2%; ±30%
LDOS,Leidos,,28.4,not added,21.2,-42.05,2.76,5.57,10.88,34.79,-49.47,1.51,,10.0,5y +6% a year; 10y +11%; ±35%
CLW.AX,Charter Hall Long Wale Reit,,28.2,not added,2.3,-18.08,9.71,-1.29,4.52,17.3,-24.26,7.82,,9.9,5y -1% a year; 10y +5%; ±17%
GEV,GE Vernova,,28.1,not added,378.5,59.78,,,,52.83,-25.54,0.18,,2.6,no 5 year record; ±53%; under 3 years listed
UOS.AX,United Overseas Australia Ltd,,28.1,not added,1.2,-2.97,12.37,1.93,4.99,40.72,-19.24,3.79,,10.0,5y +2% a year; 10y +5%; ±41%
NMG.AX,New Murchison Gold Ltd,,27.9,not added,0.7,85.29,98.95,49.87,8.56,75.45,-50.67,0.0,,10.0,5y +50% a year; 10y +9%; ±75%
ADSK,Autodesk,,27.9,not added,63.7,-24.52,2.9,-4.33,13.41,38.73,-40.13,0.0,,10.0,5y -4% a year; 10y +13%; ±39%
BE,Bloom Energy,,27.8,not added,,232.6,194.93,58.77,,113.79,-52.65,0.0,,8.2,5y +59% a year; ±114%
TAH.AX,Tabcorp Holdings Ltd,,27.8,not added,2.0,-14.66,6.4,10.64,25.46,49.26,-42.06,3.47,,10.0,5y +11% a year; 10y +25%; ±49%
VICI,Vici Properties,,27.8,not added,35.8,-22.92,-3.88,1.98,,18.34,-23.27,7.99,,8.8,5y +2% a year; ±18%
BRO,Brown &amp; Brown,,27.7,not added,28.8,-35.06,-5.99,1.88,12.89,31.43,-42.9,1.07,,10.0,5y +2% a year; 10y +13%; ±31%
CAR.AX,Car Group Ltd,yes,27.7,kept (active),8.5,-36.83,-4.33,1.2,11.44,36.62,-40.56,3.84,Strong Buy,10.0,5y +1% a year; 10y +11%; ±37%; consensus Strong Buy
TXT,Textron,,27.6,not added,19.1,-15.22,-4.07,1.48,5.68,26.86,-27.48,0.11,,10.0,5y +1% a year; 10y +6%; ±27%
WMX.AX,Wam Income Maximiser Ltd,,27.6,not added,0.5,-5.29,,,,15.72,-10.79,4.09,,1.4,no 5 year record; ±16%; under 3 years listed
PE1.AX,Pengana Private Equity Trust,yes,27.6,kept (active),,5.54,1.84,3.85,,39.0,-30.65,4.85,no coverage,7.5,5y +4% a year; ±39%
ALX.AX,Atlas Arteria,,27.5,not added,5.7,-11.67,-2.51,-0.75,4.42,22.26,-23.31,10.44,,10.0,5y -1% a year; 10y +4%; ±22%
EOL.AX,Energy One Ltd,,27.5,not added,0.5,-21.16,50.88,19.08,47.04,55.46,-48.16,0.0,,10.0,5y +19% a year; 10y +47%; ±55%
MAD.AX,Mader Group Ltd,,27.4,not added,1.4,-24.01,1.09,28.72,,36.94,-38.21,0.0,,7.1,5y +29% a year; ±37%
INVH,Invitation Homes,,27.1,not added,22.1,-4.05,-3.43,-4.21,,20.91,-14.7,4.64,,9.8,5y -4% a year; ±21%
FRW.AX,Freightways Group Ltd,,27.0,not added,1.8,-15.33,15.51,,,22.99,-19.29,3.71,,3.0,no 5 year record; ±23%
A2M.AX,The A2 Milk Company Ltd,,26.9,not added,4.7,-21.76,22.43,2.43,11.57,38.77,-47.45,6.74,,10.0,5y +2% a year; 10y +12%; ±39%
JHX.AX,James Hardie Industries Plc,yes,26.8,kept (active),20.3,5.26,-3.63,-7.2,6.5,42.54,-30.15,0.0,Buy,10.0,5y -7% a year; 10y +6%; ±43%; consensus Buy
GWA.AX,Gwa Group Ltd.,,26.5,not added,0.5,-13.23,11.88,0.17,2.19,25.12,-23.57,8.29,,10.0,5y +0% a year; 10y +2%; ±25%
GEN,Gen Digital,,26.2,not added,18.9,-16.16,9.29,1.12,7.52,39.56,-35.54,2.23,,10.0,5y +1% a year; 10y +8%; ±40%
SWK,Stanley Black &amp; Decker,,26.1,not added,19.8,26.61,2.37,-8.55,0.47,37.55,-26.14,3.77,,10.0,5y -9% a year; 10y +0%; ±38%
BA,Boeing,,25.6,not added,219.9,-16.42,-2.62,-0.3,3.83,34.48,-26.87,0.0,,10.0,5y -0% a year; 10y +4%; ±34%
KMB,Kimberly-Clark,,25.5,not added,45.1,-15.22,-5.8,-0.39,2.55,27.71,-21.49,5.29,,10.0,5y -0% a year; 10y +3%; ±28%
CMG,Chipotle Mexican Grill,,25.3,not added,59.0,-24.91,-10.14,-1.31,15.51,42.4,-33.47,0.0,,10.0,5y -1% a year; 10y +16%; ±42%
HM1.AX,Hearts And Minds Investments Ltd,,25.1,not added,0.7,-11.11,16.81,-1.75,,23.21,-20.57,6.77,,7.9,5y -2% a year; ±23%
UNI.AX,Universal Store Holdings Ltd,,24.9,not added,0.6,-5.02,40.08,4.4,,37.7,-34.36,5.47,,5.9,5y +4% a year; ±38%
DECK,Deckers Brands,,24.7,not added,15.5,-20.87,-9.55,5.73,24.41,44.6,-35.91,0.0,,10.0,5y +6% a year; 10y +24%; ±45%
DVP.AX,Develop Global Ltd,,24.7,not added,1.4,2.63,8.57,6.48,22.47,61.97,-42.74,0.0,,10.0,5y +6% a year; 10y +22%; ±62%
NOW,ServiceNow,yes,24.7,kept (active),204.9,-24.61,2.76,1.36,24.69,57.73,-56.14,0.0,Strong Buy,10.0,5y +1% a year; 10y +25%; ±58%; consensus Strong Buy
KOA.AX,The Koala Company Ltd,,24.6,not added,0.5,30.79,,,,37.54,-24.48,0.0,,0.6,no 5 year record; ±38%; under 3 years listed
GDDY,GoDaddy,,24.2,not added,17.7,-28.15,6.73,8.76,11.56,48.86,-44.53,0.0,,10.0,5y +9% a year; 10y +12%; ±49%
LII,Lennox International,,24.2,not added,17.7,-34.61,-3.01,6.62,11.41,40.75,-37.8,1.48,,10.0,5y +7% a year; 10y +11%; ±41%
AKAM,Akamai Technologies,,24.2,not added,22.5,36.35,-2.48,1.44,5.42,60.79,-35.16,0.0,,10.0,5y +1% a year; 10y +5%; ±61%
LYB,LyondellBasell,,24.1,not added,27.2,27.7,-10.28,-0.78,1.99,43.25,-35.51,5.88,,10.0,5y -1% a year; 10y +2%; ±43%
HVN.AX,Harvey Norman Holdings Ltd,,23.3,not added,5.1,-42.18,8.71,1.89,5.41,24.41,-44.27,6.77,,10.0,5y +2% a year; 10y +5%; ±24%
USL.AX,Unico Silver Ltd,,22.9,not added,0.5,6.3,85.94,23.49,,95.25,-50.88,0.0,,9.5,5y +23% a year; ±95%
WHI.AX,Whitefield Income Ltd,,22.7,not added,0.4,-11.04,,,,22.13,-14.68,6.05,,1.8,no 5 year record; ±22%; under 3 years listed
SMCI,Supermicro,,22.4,not added,41.3,-23.42,19.79,68.91,33.6,92.3,-64.59,0.0,,10.0,5y +69% a year; 10y +34%; ±92%
MC.PA,"LVMH Moët Hennessy - Louis Vuitton, Société Européenne",yes,22.3,kept (watchlist),303.6,-31.71,-17.5,-7.62,11.42,29.15,-41.0,3.39,Buy,10.7,5y -8% a year; 10y +11%; ±29%; consensus Buy
SLC.AX,Superloop Ltd,,21.7,not added,1.3,-20.38,60.03,14.15,-0.2,38.69,-34.04,0.0,,10.0,5y +14% a year; 10y -0%; ±39%
MGR.AX,Mirvac Group,,21.6,not added,6.8,-16.66,4.92,-4.02,3.28,23.62,-32.06,5.23,,10.0,5y -4% a year; 10y +3%; ±24%
HGEN.AX,Betashares Global Healthcare ETF,yes,21.6,kept (active),,30.83,29.87,-3.12,,49.34,-38.08,0.75,no coverage,5.0,5y -3% a year; ±49%
CBO.AX,Cobram Estate Olives Ltd,,21.5,not added,1.4,-18.08,32.91,8.82,,45.23,-38.18,1.6,,5.2,5y +9% a year; ±45%
INA.AX,Ingenia Communities Group,,21.5,not added,1.9,-13.29,8.79,-3.87,8.65,31.86,-37.56,2.03,,10.0,5y -4% a year; 10y +9%; ±32%
NXT.AX,Nextdc Ltd,yes,21.5,kept (watchlist),7.8,-37.73,-4.36,-2.44,12.74,41.4,-37.96,0.0,Strong Buy,10.0,5y -2% a year; 10y +13%; ±41%; consensus Strong Buy
HOOD,Robinhood Markets,,21.2,not added,145.7,-27.41,122.23,27.66,,71.83,-57.26,0.0,,5.2,5y +28% a year; ±72%
ERIE,Erie Indemnity,,20.9,not added,16.6,-31.98,-8.73,4.7,10.61,37.57,-36.5,2.69,,10.0,5y +5% a year; 10y +11%; ±38%
Q,Qnity Electronics,,20.8,not added,39.5,36.47,,,,54.96,-34.72,0.23,,1.0,no 5 year record; ±55%; under 3 years listed
DPM.AX,Dpm Metals Inc.,yes,20.4,kept (active),11.6,45.9,,,,52.82,-30.84,0.44,thin coverage,1.1,no 5 year record; ±53%; consensus thin coverage; under 3 years listed
LOV.AX,Lovisa Holdings Ltd,,20.4,not added,2.7,-37.04,12.41,3.91,25.1,48.6,-46.43,3.83,,10.0,5y +4% a year; 10y +25%; ±49%
ROL,"Rollins, Inc.",,20.2,not added,20.9,-46.11,-7.83,0.3,10.23,28.0,-54.23,2.37,,10.0,5y +0% a year; 10y +10%; ±28%
CPRT,Copart,,20.0,not added,36.2,-40.75,-17.56,-5.78,15.54,31.27,-41.83,0.0,,10.0,5y -6% a year; 10y +16%; ±31%
SK1.AX,Skinkandy Ltd,,20.0,not added,0.3,17.02,,,,44.5,-16.21,0.0,,0.4,no 5 year record; ±44%; under 3 years listed
SBAC,SBA Communications,,20.0,not added,24.2,-6.87,-7.32,-10.29,7.48,34.83,-28.46,2.85,,10.0,5y -10% a year; 10y +7%; ±35%
SKT.AX,Sky Network Television Ltd.,,19.9,not added,0.4,8.92,11.38,17.68,-14.48,36.05,-18.5,9.01,,10.0,5y +18% a year; 10y -14%; ±36%
PAF.AX,Pan African Resources Plc,,19.6,not added,5.6,8.5,,,,46.16,-16.22,0.0,,0.3,no 5 year record; ±46%; under 3 years listed
ROP,Roper Technologies,,19.6,not added,50.4,-30.38,-11.78,-3.83,8.6,29.74,-38.97,1.02,,10.0,5y -4% a year; 10y +9%; ±30%
A1M.AX,Aic Mines Ltd,,19.3,not added,0.7,106.98,43.69,29.43,-3.17,63.27,-41.5,0.0,,10.0,5y +29% a year; 10y -3%; ±63%
APP,AppLovin,,19.2,not added,129.5,-55.33,91.93,25.39,,72.19,-63.44,0.0,,5.5,5y +25% a year; ±72%
ELD.AX,Elders Ltd,yes,19.2,kept (active),1.4,-9.56,7.53,-7.5,8.98,35.48,-33.01,5.73,no coverage,10.0,5y -8% a year; 10y +9%; ±35%
TRMB,Trimble Inc.,,19.2,not added,19.3,-25.36,5.29,-5.73,8.73,32.04,-41.49,0.0,,10.0,5y -6% a year; 10y +9%; ±32%
REG.AX,Regis Healthcare Ltd,,19.1,not added,1.3,-32.15,23.53,20.86,4.68,45.7,-45.18,4.25,,10.0,5y +21% a year; 10y +5%; ±46%
FML.AX,Focus Minerals Ltd,,19.0,not added,0.5,-4.52,117.51,45.92,14.59,79.24,-65.8,4.48,,10.0,5y +46% a year; 10y +15%; ±79%
TSCO,Tractor Supply,,18.9,not added,23.3,-38.24,-6.42,-2.32,10.68,32.72,-47.42,2.92,,10.0,5y -2% a year; 10y +11%; ±33%
WMI.AX,Wam Microcap Ltd,,18.6,not added,0.4,-24.36,3.67,1.06,,20.82,-24.99,8.42,,9.3,5y +1% a year; ±21%
AAC.AX,Australian Agricultural Company Ltd.,,18.4,not added,0.8,-9.97,1.71,-3.68,-2.33,21.44,-14.72,0.0,,10.0,5y -4% a year; 10y -2%; ±21%
MGH.AX,Maas Group Holdings Ltd,,18.3,not added,2.5,11.85,14.56,2.06,,55.11,-30.26,0.71,,5.8,5y +2% a year; ±55%
MI6.AX,Minerals 260 Ltd,,18.3,not added,2.1,169.35,37.67,6.24,,86.09,-41.62,0.0,,5.0,5y +6% a year; ±86%
MM8.AX,Medallion Metals Ltd.,,18.2,not added,0.5,-12.73,104.65,20.75,,72.48,-42.11,0.0,,5.6,5y +21% a year; ±72%
GOZ.AX,Growthpoint Properties Australia,,18.1,not added,1.4,-18.6,7.52,-7.73,1.95,19.53,-24.81,9.58,,10.0,5y -8% a year; 10y +2%; ±20%
AYUPA.AX,Australian Unity Limited,yes,18.0,kept (active),,-19.57,-3.4,-4.91,1.46,18.53,-29.05,8.33,no coverage,5.8,5y -5% a year; 10y +1%; ±19%
CDW,CDW Corporation,,17.8,not added,24.0,-11.03,-13.2,-3.2,12.61,46.53,-37.1,1.84,,10.0,5y -3% a year; 10y +13%; ±47%
ACL.AX,Australian Clinical Labs Ltd,,17.7,not added,0.5,18.82,5.97,-3.08,,35.01,-36.05,4.64,,5.4,5y -3% a year; ±35%
OTIS,Otis Worldwide,,17.2,not added,35.0,-26.4,-6.27,-0.75,,22.07,-30.75,2.62,,6.6,5y -1% a year; ±22%
TEA.AX,Tasmea Ltd,,16.9,not added,3.1,128.88,,,,52.23,-33.21,2.33,,2.5,no 5 year record; ±52%; under 3 years listed
COG.AX,Cog Financial Services Ltd,,16.8,not added,0.4,-9.48,18.04,12.03,4.29,51.92,-50.78,3.87,,10.0,5y +12% a year; 10y +4%; ±52%
CCL,Carnival Corporation,,16.6,not added,49.8,-8.13,28.54,5.36,-4.71,49.78,-34.86,1.72,,10.0,5y +5% a year; 10y -5%; ±50%
AOS,A. O. Smith,,16.6,not added,11.1,-20.4,-8.49,-2.15,3.83,27.11,-30.42,2.6,,10.0,5y -2% a year; 10y +4%; ±27%
AAI.AX,Alcoa Corporation,yes,16.5,kept (watchlist),16.2,14.24,,,,49.01,-48.48,0.94,Buy,2.2,no 5 year record; ±49%; consensus Buy; under 3 years listed
LGF.AX,L1 Gold Fund Ltd,,16.4,not added,1.5,24.95,,,,53.17,-21.03,0.0,,0.5,no 5 year record; ±53%; under 3 years listed
SHL.AX,Sonic Healthcare Ltd,yes,16.4,kept (watchlist),9.2,-8.05,-9.46,-10.71,1.96,25.89,-21.43,5.78,Hold,10.0,5y -11% a year; 10y +2%; ±26%; consensus Hold
CYL.AX,Catalyst Metals Ltd,,16.3,not added,1.5,-26.68,98.44,21.33,27.28,70.27,-51.04,0.0,,10.0,5y +21% a year; 10y +27%; ±70%
GEHC,GE HealthCare,,16.3,not added,41.7,-13.76,-3.66,,,34.56,-32.47,0.22,,3.8,no 5 year record; ±35%
GNC.AX,Graincorp Ltd,,16.3,not added,1.5,-20.14,5.5,7.64,6.3,38.01,-46.79,5.61,,10.0,5y +8% a year; 10y +6%; ±38%
OML.AX,Ooh!Media Ltd,,16.3,not added,0.9,21.87,12.86,1.63,-3.9,45.96,-39.4,3.61,,10.0,5y +2% a year; 10y -4%; ±46%
SKG.AX,Storage King Group,,16.3,not added,1.4,-19.34,7.4,,,24.12,-32.33,5.79,,3.2,no 5 year record; ±24%
DXS.AX,Dexus,,16.2,not added,5.8,-17.04,1.37,-6.93,0.53,20.87,-29.12,6.56,,10.0,5y -7% a year; 10y +1%; ±21%
ZBH,Zimmer Biomet,,16.1,not added,24.2,-9.07,-7.22,-6.34,0.46,32.64,-23.05,1.08,,10.0,5y -6% a year; 10y +0%; ±33%
CEG,Constellation Energy,,16.0,not added,131.1,-18.8,35.31,,,48.48,-41.22,0.56,,4.8,no 5 year record; ±48%
CQE.AX,Charter Hall Social Infrastructure Reit,,15.8,not added,0.8,-26.79,4.7,-4.49,5.02,24.21,-31.74,7.55,,10.0,5y -4% a year; 10y +5%; ±24%
VRSK,Verisk Analytics,,15.8,not added,30.7,-30.02,-11.43,-2.09,8.78,36.06,-35.42,1.16,,10.0,5y -2% a year; 10y +9%; ±36%
ABG.AX,Abacus Group,,15.6,not added,0.7,-26.74,1.81,-4.55,5.65,23.74,-31.1,10.49,,10.0,5y -5% a year; 10y +6%; ±24%
CSL.AX,Csl Ltd,yes,15.6,kept (watchlist),87.1,-9.49,-6.09,-8.08,7.94,40.96,-57.67,2.23,Buy,10.0,5y -8% a year; 10y +8%; ±41%; consensus Buy
DPZ,Domino's,,15.6,not added,14.2,-25.11,-4.89,-6.28,8.21,30.79,-34.72,2.54,,10.0,5y -6% a year; 10y +8%; ±31%
WIA.AX,Wia Gold Ltd,,15.4,not added,0.9,19.48,138.28,63.38,-5.98,64.44,-33.33,0.0,,10.0,5y +63% a year; 10y -6%; ±64%
BXP,"BXP, Inc.",,15.1,not added,13.9,-14.84,5.88,-5.94,-2.38,27.31,-30.29,4.71,,10.0,5y -6% a year; 10y -2%; ±27%
ASL.AX,Andean Silver Ltd,,14.9,not added,0.4,-20.29,94.28,50.32,,87.35,-43.1,0.0,,5.1,5y +50% a year; ±87%
RSG.AX,Resolute Mining Ltd,,14.6,not added,2.4,1.36,45.77,24.26,0.42,61.19,-45.43,0.0,,10.0,5y +24% a year; 10y +0%; ±61%
WC8.AX,Wildcat Resources Ltd,,14.5,not added,0.4,18.18,-28.29,39.06,29.52,76.97,-60.31,0.0,,10.0,5y +39% a year; 10y +30%; ±77%
CKF.AX,Collins Foods Ltd,,14.4,not added,0.9,-20.71,-0.31,-5.77,6.44,26.17,-32.24,3.4,,10.0,5y -6% a year; 10y +6%; ±26%
CVNA,Carvana,,14.1,not added,66.0,-13.05,119.98,2.31,,62.2,-41.21,0.0,,9.5,5y +2% a year; ±62%
DASH,DoorDash,,13.8,not added,117.8,-31.96,32.71,1.23,,48.4,-46.78,0.0,,5.8,5y +1% a year; ±48%
L1G.AX,L1 Group Ltd,,13.7,not added,2.9,63.41,,,,54.56,-26.77,2.58,,1.0,no 5 year record; ±55%; under 3 years listed
OBM.AX,Ora Banda Mining Ltd,,13.4,not added,2.8,12.25,107.04,78.67,-1.08,76.96,-40.3,0.0,,10.0,5y +79% a year; 10y -1%; ±77%
MAQ.AX,Macquarie Technology Group Ltd,,13.3,not added,1.4,-23.42,-6.46,-6.46,17.38,37.29,-35.15,0.0,,10.0,5y -6% a year; 10y +17%; ±37%
CCP.AX,Credit Corp Group Ltd,yes,13.1,kept (active),1.0,1.68,10.88,-10.93,1.15,32.99,-35.1,5.37,no coverage,10.0,5y -11% a year; 10y +1%; ±33%
GDG.AX,Generation Development Group Ltd,yes,13.1,kept (watchlist),1.0,-64.33,20.84,14.54,21.18,66.74,-65.6,0.77,no coverage,10.0,5y +15% a year; 10y +21%; ±67%
IDX.AX,Integral Diagnostics Ltd,,13.0,not added,0.8,-17.91,-4.48,-12.14,9.68,27.64,-28.22,4.37,,10.0,5y -12% a year; 10y +10%; ±28%
KHC,Kraft Heinz,,13.0,not added,37.8,-6.36,-8.89,-3.12,-7.54,26.63,-19.66,7.28,,10.0,5y -3% a year; 10y -8%; ±27%
PPM.AX,Pepper Money Ltd,,13.0,not added,0.8,-6.85,22.15,1.79,,47.06,-37.4,8.88,,5.4,5y +2% a year; ±47%
SWKS,Skyworks Solutions,,13.0,not added,18.4,13.19,-0.98,-9.05,3.78,51.5,-33.05,2.55,,10.0,5y -9% a year; 10y +4%; ±52%
LEN,Lennar,,12.7,not added,27.6,-34.93,-10.74,-1.51,8.6,38.01,-43.2,3.28,,10.0,5y -2% a year; 10y +9%; ±38%
AAR.AX,Astral Resources Nl,,12.6,not added,0.3,-31.25,27.29,15.1,23.92,74.51,-62.07,0.0,,10.0,5y +15% a year; 10y +24%; ±75%
LNW.AX,Light & Wonder Inc.,yes,12.4,kept (watchlist),8.3,-9.6,-1.05,,,46.63,-43.75,0.0,Strong Buy,3.4,no 5 year record; ±47%; consensus Strong Buy
BMN.AX,Bannerman Energy Ltd,,12.3,not added,0.8,-7.88,9.81,0.85,30.07,74.67,-41.43,0.0,,10.0,5y +1% a year; 10y +30%; ±75%
PDN.AX,Paladin Energy Ltd,,12.0,not added,4.0,-1.91,-2.68,-0.21,27.03,68.3,-42.09,0.0,,10.0,5y -0% a year; 10y +27%; ±68%
BSX,Boston Scientific,,11.8,not added,88.7,-57.04,-9.39,0.86,8.21,38.43,-60.39,0.0,,10.0,5y +1% a year; 10y +8%; ±38%
CSC.AX,Capstone Copper Corp.,yes,11.7,kept (watchlist),10.7,2.55,,,,55.94,-45.27,0.0,Strong Buy,2.5,no 5 year record; ±56%; consensus Strong Buy; under 3 years listed
MIR.AX,Mirrabooka Investments Ltd,,11.6,not added,0.5,-26.46,-2.9,-4.87,2.25,18.24,-27.87,6.09,,10.0,5y -5% a year; 10y +2%; ±18%
SPL.AX,Starpharma Holdings Ltd,,11.6,not added,0.4,173.77,83.56,-4.48,2.4,72.73,-28.09,0.0,,10.0,5y -4% a year; 10y +2%; ±73%
FICO,Fair Isaac,,11.6,not added,20.5,-59.78,-9.62,13.14,20.69,60.77,-67.89,0.0,,10.0,5y +13% a year; 10y +21%; ±61%
SYL.AX,Symal Group Ltd,,11.4,not added,0.7,38.33,,,,51.27,-39.48,2.94,,1.9,no 5 year record; ±51%; under 3 years listed
SX2.AX,Southern Cross Gold Consolidated Ltd.,,11.2,not added,3.1,28.72,,,,60.82,-34.88,0.0,,1.8,no 5 year record; ±61%; under 3 years listed
CMA,CMA Cash Account,yes,11.0,kept (active),,,,,,,,,no coverage,,no 5 year record
DMNHA.AX,Dominion Investment Group notes,yes,11.0,kept (watchlist),,,,,,,,,no coverage,,no 5 year record
GSBK54.AX,Commonwealth Treasury Bond 4.75% 2054,yes,11.0,kept (active),,,,,,,,,no coverage,,no 5 year record
SPPHA.AX,Stonepeak-Plus Infra Debt notes,yes,11.0,kept (active),,,,,,,,,no coverage,,no 5 year record
WOR.AX,Worley Ltd,,10.7,not added,4.6,-30.66,-13.75,0.8,4.64,29.03,-32.23,5.32,,10.0,5y +1% a year; 10y +5%; ±29%
SBM.AX,St Barbara Ltd,,10.6,not added,1.0,48.1,67.47,5.21,1.9,73.47,-52.33,6.45,,10.0,5y +5% a year; 10y +2%; ±73%
GPN,Global Payments,,10.5,not added,29.8,-7.22,-10.27,-8.38,3.08,40.81,-28.28,1.23,,10.0,5y -8% a year; 10y +3%; ±41%
IMR.AX,Imricor Medical Systems Inc.,,10.4,not added,0.6,-3.67,32.58,1.37,,54.07,-34.32,0.0,,7.2,5y +1% a year; ±54%
IPH.AX,Iph Ltd,yes,10.4,kept (active),0.9,6.09,-13.75,-11.25,1.43,32.37,-22.54,11.16,Buy,10.0,5y -11% a year; 10y +1%; ±32%; consensus Buy
SLX.AX,Silex Systems Ltd,,10.4,not added,1.2,-39.51,9.72,26.29,26.88,81.01,-60.25,0.0,,10.0,5y +26% a year; 10y +27%; ±81%
NIC.AX,Nickel Industries Ltd,,10.2,not added,3.3,1.33,3.53,-3.05,,43.04,-31.36,0.0,,8.2,5y -3% a year; ±43%
SLS.AX,Solstice Minerals Ltd,,10.2,not added,0.5,757.14,186.34,,,110.99,-33.47,0.0,,4.4,no 5 year record; ±111%
DRO.AX,Droneshield Ltd,,10.0,not added,1.7,-75.19,81.71,57.91,21.23,97.78,-76.14,0.0,,10.0,5y +58% a year; 10y +21%; ±98%
KGN.AX,Kogan.Com Ltd,,10.0,not added,0.3,4.27,-5.98,-18.2,11.74,44.97,-31.45,4.88,,10.0,5y -18% a year; 10y +12%; ±45%
TVN.AX,Tivan Ltd,,9.8,not added,0.5,72.73,38.19,7.89,2.3,84.64,-62.77,0.0,,10.0,5y +8% a year; 10y +2%; ±85%
ALGN,Align Technology,,9.4,not added,14.7,5.09,-11.46,-24.67,4.97,39.55,-29.18,0.0,,10.0,5y -25% a year; 10y +5%; ±40%
BTR.AX,Brightstar Resources Ltd,,9.4,not added,0.8,14.16,34.94,-11.3,24.23,75.58,-55.56,0.0,,10.0,5y -11% a year; 10y +24%; ±76%
ASB.AX,Austal Ltd,,9.3,not added,1.8,-54.33,31.89,17.43,9.87,64.57,-61.3,0.0,,10.0,5y +17% a year; 10y +10%; ±65%
DGE.L,Diageo plc,yes,9.3,kept (watchlist),67.8,-10.35,-19.16,-14.61,-3.21,31.39,-27.29,3.93,Strong Buy,10.7,5y -15% a year; 10y -3%; ±31%; consensus Strong Buy
LFG.AX,Liberty Financial Group,,9.1,not added,1.0,-17.73,5.6,-1.85,,32.96,-27.51,16.82,,5.8,5y -2% a year; ±33%
IGO.AX,Igo Ltd,,8.9,not added,4.9,16.17,-11.08,-5.9,5.99,52.71,-37.8,0.81,,10.0,5y -6% a year; 10y +6%; ±53%
MSB.AX,Mesoblast Ltd,,8.7,not added,2.6,-33.73,79.14,5.12,5.52,55.41,-38.6,0.0,,10.0,5y +5% a year; 10y +6%; ±55%
AVH.AX,Avita Medical Inc.,,8.6,not added,0.5,131.48,9.2,-3.32,4.56,77.3,-39.09,0.0,,10.0,5y -3% a year; 10y +5%; ±77%
OPH.AX,Ophir High Conviction Fund,,8.6,not added,0.5,-24.5,10.44,-3.08,,27.86,-31.28,15.59,,7.8,5y -3% a year; ±28%
GGP.AX,Greatland Resources Ltd,,8.4,not added,6.9,21.43,,,,62.03,-36.89,0.0,,1.3,no 5 year record; ±62%; under 3 years listed
CCI,Crown Castle,,8.3,not added,40.6,-24.74,-7.21,-11.89,3.14,30.06,-29.68,6.16,,10.0,5y -12% a year; 10y +3%; ±30%
DOW,Dow Inc.,,7.9,not added,29.0,28.94,-14.48,-6.72,,44.11,-34.81,5.04,,7.6,5y -7% a year; ±44%
FDS,FactSet,,7.8,not added,13.6,-1.35,-15.65,-6.82,7.44,47.36,-35.99,1.66,,10.0,5y -7% a year; 10y +7%; ±47%
SNDK,Sandisk,,7.5,not added,362.0,1183.3,,,,115.3,-56.49,0.0,,1.7,no 5 year record; ±115%; under 3 years listed
XYZ.AX,"Block, Inc.",,7.2,not added,4.0,-9.67,21.37,,,53.01,-43.43,0.0,,4.8,no 5 year record; ±53%
BGP.AX,Briscoe Group Australasia Ltd,,6.9,not added,0.8,-34.82,-3.26,-0.52,,22.31,-37.32,4.76,,9.2,5y -1% a year; ±22%
MRNA,Moderna,,6.9,not added,109.0,603.72,33.31,-9.23,,193.53,-34.16,0.0,,7.8,5y -9% a year; ±194%
EIQ.AX,Echoiq Ltd,,6.6,not added,0.4,197.37,46.42,29.52,-2.55,105.4,-72.29,0.0,,10.0,5y +30% a year; 10y -3%; ±105%
PNR,Pentair,,6.5,not added,12.2,-52.75,-5.32,-4.03,5.46,32.63,-52.28,2.03,,10.0,5y -4% a year; 10y +5%; ±33%
STZ,Constellation Brands,,6.2,not added,27.7,-14.65,-20.91,-8.28,-0.12,30.02,-31.36,3.46,,10.0,5y -8% a year; 10y -0%; ±30%
COF.AX,Centuria Office Reit,,6.1,not added,0.5,-21.17,0.37,-11.24,-0.83,18.77,-26.65,11.77,,10.0,5y -11% a year; 10y -1%; ±19%
WAM.AX,Wam Capital Ltd,,5.4,not added,1.3,-36.19,-1.29,-2.65,-0.04,23.97,-38.07,22.46,,10.0,5y -3% a year; 10y -0%; ±24%
AZY.AX,Antipa Minerals Ltd,,5.0,not added,0.4,-29.73,54.87,0.79,8.11,61.66,-38.32,0.0,,10.0,5y +1% a year; 10y +8%; ±62%
SHV.AX,Select Harvests Ltd,,5.0,not added,0.6,11.41,2.49,-10.51,-2.89,38.81,-31.92,0.85,,10.0,5y -11% a year; 10y -3%; ±39%
CTVA,Corteva,,5.0,not added,11.4,54.04,-34.28,-17.49,,29.71,-16.55,0.75,,7.4,5y -17% a year; ±30%
MGM,MGM Resorts,,4.9,not added,11.2,-7.18,-7.68,-7.18,1.77,39.15,-40.82,0.0,,10.0,5y -7% a year; 10y +2%; ±39%
IP,International Paper,,4.7,not added,24.3,-28.43,-0.44,-2.78,1.27,44.33,-39.68,5.82,,10.0,5y -3% a year; 10y +1%; ±44%
MMI.AX,Metro Mining Ltd,,4.6,not added,0.4,-32.18,48.55,24.16,-5.74,52.62,-34.54,0.0,,10.0,5y +24% a year; 10y -6%; ±53%
NWL.AX,Netwealth Group Ltd,,4.6,not added,4.2,-43.24,12.0,1.25,,45.29,-48.45,2.46,,8.9,5y +1% a year; ±45%
CTSH,Cognizant,,4.4,not added,37.9,-14.68,-5.05,-2.92,2.52,41.88,-54.78,2.28,,10.0,5y -3% a year; 10y +3%; ±42%
TYL,Tyler Technologies,,4.4,not added,19.0,-35.79,-6.54,-7.91,9.24,41.3,-46.93,0.0,,10.0,5y -8% a year; 10y +9%; ±41%
360.AX,Life360 Inc.,,4.1,not added,5.0,-63.28,36.08,12.19,,72.83,-67.07,0.0,,7.4,5y +12% a year; ±73%
IPX.AX,Iperionx Ltd,,4.0,not added,0.9,-73.17,21.46,17.5,,82.36,-75.38,0.0,,8.5,5y +18% a year; ±82%
WY,Weyerhaeuser,,3.8,not added,19.1,-22.08,-13.3,-7.23,-0.59,26.79,-30.03,4.52,,10.0,5y -7% a year; 10y -1%; ±27%
OMA.AX,Omega Oil & Gas Ltd,,3.6,not added,0.4,51.16,48.12,,,70.16,-53.33,0.0,,4.0,no 5 year record; ±70%
TTX.AX,Tetratherix Ltd,,3.5,not added,0.3,64.63,,,,64.55,-39.25,0.0,,1.3,no 5 year record; ±65%; under 3 years listed
KLS.AX,Kelsian Group Ltd,,3.3,not added,1.0,-20.69,-10.02,-8.55,3.26,29.49,-24.56,4.68,,10.0,5y -9% a year; 10y +3%; ±29%
MKC,McCormick &amp; Company,,3.3,not added,17.3,-29.02,-11.32,-7.39,2.63,30.29,-37.28,4.18,,10.0,5y -7% a year; 10y +3%; ±30%
AEF.AX,Australian Ethical Investment Ltd,,3.1,not added,0.5,-41.56,3.66,-20.15,18.91,43.78,-47.67,4.5,,10.0,5y -20% a year; 10y +19%; ±44%
CMW.AX,Cromwell Property Group,,2.8,not added,0.9,-26.28,8.25,-9.86,-2.54,26.96,-28.54,9.31,,10.0,5y -10% a year; 10y -3%; ±27%
SVM.AX,Sovereign Metals Ltd,,2.7,not added,0.3,-25.95,3.3,-1.48,16.22,59.94,-51.6,0.0,,10.0,5y -1% a year; 10y +16%; ±60%
PODD,Insulet Corporation,,2.2,not added,13.1,-57.41,-2.45,-14.04,15.84,44.72,-62.33,0.0,,10.0,5y -14% a year; 10y +16%; ±45%
VMM.AX,Viridis Mining And Minerals Ltd,,2.0,not added,0.6,121.95,45.37,,,100.06,-58.06,0.0,,4.8,no 5 year record; ±100%
WYNN,Wynn Resorts,,2.0,not added,11.2,-37.75,-6.91,-1.3,-1.23,32.64,-43.26,1.33,,10.0,5y -1% a year; 10y -1%; ±33%
ADBE,Adobe Inc.,yes,1.9,kept (watchlist),130.2,-33.26,-26.28,-17.27,9.39,40.92,-46.26,0.0,Hold,10.0,5y -17% a year; 10y +9%; ±41%; consensus Hold
HRL,Hormel Foods,,1.9,not added,16.0,-13.87,-14.85,-10.02,-2.19,29.35,-25.37,5.98,,10.0,5y -10% a year; 10y -2%; ±29%
ABB.AX,Aussie Broadband Ltd,,1.8,not added,1.3,-27.06,3.12,-2.47,,32.72,-33.92,1.45,,6.0,5y -2% a year; ±33%
GQG.AX,Gqg Partners Inc.,,1.8,not added,3.2,-21.6,3.11,-2.6,,36.56,-42.44,18.69,,5.0,5y -3% a year; ±37%
NUF.AX,Nufarm Ltd,,1.8,not added,1.2,38.6,-9.37,-5.16,-8.36,39.27,-29.1,0.0,,10.0,5y -5% a year; 10y -8%; ±39%
EQT.AX,Eqt Holdings Ltd,,1.7,not added,0.5,-11.71,-4.27,-3.26,5.16,45.71,-40.48,2.82,,10.0,5y -3% a year; 10y +5%; ±46%
EFX,Equifax,,1.7,not added,23.6,-39.9,-7.61,-10.37,3.95,38.34,-40.63,1.53,,10.0,5y -10% a year; 10y +4%; ±38%
ARF.AX,Arena Reit.,,1.6,not added,0.8,-33.61,-4.07,-7.51,8.22,35.38,-45.84,7.92,,10.0,5y -8% a year; 10y +8%; ±35%
LVS,Las Vegas Sands,,1.6,not added,33.7,-31.32,-9.8,1.26,-2.48,33.99,-47.56,3.21,,10.0,5y +1% a year; 10y -2%; ±34%
HGH.AX,Heartland Group Holdings Ltd,,1.4,not added,0.9,9.1,-6.07,-10.47,,30.39,-23.72,5.96,,8.0,5y -10% a year; ±30%
CXO.AX,Core Lithium Ltd,,1.2,not added,1.0,140.91,-9.71,-14.2,13.78,92.08,-41.79,0.0,,10.0,5y -14% a year; 10y +14%; ±92%
WDAY,"Workday, Inc.",,1.2,not added,64.5,-22.66,-7.28,-7.21,9.0,53.97,-54.21,0.0,,10.0,5y -7% a year; 10y +9%; ±54%
COO,Cooper Companies (The),,1.1,not added,15.6,-22.08,-13.67,-10.67,3.71,32.1,-36.82,0.0,,10.0,5y -11% a year; 10y +4%; ±32%
CIA.AX,Champion Iron Ltd,,1.0,not added,1.7,-36.99,-23.55,-4.92,21.39,39.48,-56.27,4.53,,10.0,5y -5% a year; 10y +21%; ±39%
PPT.AX,Perpetual Ltd,,1.0,not added,1.9,-7.18,2.45,-8.94,-4.28,35.34,-26.07,7.11,,10.0,5y -9% a year; 10y -4%; ±35%
CMCSA,Comcast,,0.6,not added,110.0,-23.5,-17.66,-10.96,-0.97,32.15,-32.86,6.3,,10.0,5y -11% a year; 10y -1%; ±32%
OBL.AX,Omni Bridgeway Ltd,,0.6,not added,0.4,-5.05,-0.33,-13.46,-0.22,39.42,-23.5,0.0,,10.0,5y -13% a year; 10y -0%; ±39%
ORE.AX,Orezone Gold Corporation,,0.4,not added,2.4,88.51,,,,71.21,-38.91,0.0,,1.2,no 5 year record; ±71%; under 3 years listed
GYG.AX,Guzman Y Gomez Ltd,yes,0.3,kept (watchlist),2.7,2.36,,,,52.84,-42.94,1.77,no coverage,2.3,no 5 year record; ±53%; under 3 years listed
AFG.AX,Australian Finance Group Ltd,,0.1,not added,0.3,-49.34,4.35,-8.24,7.34,40.64,-49.14,7.54,,10.0,5y -8% a year; 10y +7%; ±41%
PC2.AX,Pc Gold Ltd,,0.1,not added,0.4,231.03,,,,79.79,-39.8,0.0,,1.0,no 5 year record; ±80%; under 3 years listed
29M.AX,29Metals Ltd,,0,not added,0.6,-29.9,-18.15,-32.88,,84.81,-66.41,0.0,,5.2,5y -33% a year; ±85%
A4N.AX,Alpha Hpa Ltd,,0,not added,1.0,-31.25,-10.61,0.93,50.26,62.13,-48.92,0.0,,10.0,5y +1% a year; 10y +50%; ±62%
ACN,Accenture,,0,not added,174.9,-20.67,-13.93,-8.46,7.64,48.37,-56.51,1.66,,10.0,5y -8% a year; 10y +8%; ±48%
AEL.AX,Amplitude Energy Ltd,,0,not added,0.5,-33.14,19.28,-9.72,-5.08,61.89,-60.75,0.0,,10.0,5y -10% a year; 10y -5%; ±62%
AGI.AX,Ainsworth Game Technology Ltd,,0,not added,0.4,10.78,2.81,-3.5,-4.17,60.09,-34.38,0.0,,10.0,5y -4% a year; 10y -4%; ±60%
AIS.AX,Aeris Resources Ltd,,0,not added,0.7,-11.32,50.36,-14.73,7.55,73.69,-48.89,0.0,,10.0,5y -15% a year; 10y +8%; ±74%
AIZ.AX,Air New Zealand Ltd,,0,not added,1.0,-40.57,-17.64,-17.28,-9.57,33.9,-45.45,0.0,,10.0,5y -17% a year; 10y -10%; ±34%
ALB,Albemarle Corporation,,0,not added,17.7,13.35,-8.02,-13.94,3.74,57.44,-52.06,1.58,,10.0,5y -14% a year; 10y +4%; ±57%
AOV.AX,Amotiv Ltd,,0,not added,0.7,-31.94,-15.26,-10.02,-1.45,28.57,-36.03,7.64,,10.0,5y -10% a year; 10y -1%; ±29%
APTV,Aptiv,,0,not added,13.0,-47.64,-22.56,-22.65,-0.89,43.67,-51.48,0.0,,10.0,5y -23% a year; 10y -1%; ±44%
APX.AX,Appen Ltd,,0,not added,0.3,33.53,12.16,-34.29,-6.05,95.8,-56.84,0.0,,10.0,5y -34% a year; 10y -6%; ±96%
ARB.AX,Arb Corporation Ltd.,,0,not added,1.4,-55.48,-14.12,-16.92,2.08,40.22,-56.41,4.07,,10.0,5y -17% a year; 10y +2%; ±40%
ARE,Alexandria Real Estate Equities,,0,not added,11.7,-36.29,-19.44,-21.28,-4.35,47.56,-46.51,6.37,,10.0,5y -21% a year; 10y -4%; ±48%
ARU.AX,Arafura Rare Earths Ltd,,0,not added,1.0,-42.11,-3.74,-5.59,11.74,81.35,-65.62,0.0,,10.0,5y -6% a year; 10y +12%; ±81%
AVR.AX,Anteris Technologies Global Corp.,,0,not added,1.1,53.33,-20.59,3.08,-12.22,78.8,-42.93,0.0,,10.0,5y +3% a year; 10y -12%; ±79%
AX1.AX,Accent Group Ltd,,0,not added,0.4,-47.59,-26.03,-19.11,-1.86,53.9,-59.49,6.87,,10.0,5y -19% a year; 10y -2%; ±54%
AXQ.AX,"Aura Consolidated Group, Inc.",,0,not added,0.9,-51.24,,,,105.74,-55.41,0.0,,0.2,no 5 year record; ±106%; under 3 years listed
BAP.AX,Bapcor Ltd,,0,not added,0.5,-75.16,-46.58,-36.0,-15.5,90.48,-88.75,0.0,,10.0,5y -36% a year; 10y -16%; ±90%
BAX,Baxter International,,0,not added,17.5,5.57,-10.54,-18.36,-3.87,43.08,-31.74,0.17,,10.0,5y -18% a year; 10y -4%; ±43%
BC8.AX,Black Cat Syndicate Ltd,,0,not added,0.5,-49.47,49.61,5.53,,72.95,-56.29,0.0,,8.8,5y +6% a year; ±73%
BF-B,Brown–Forman,,0,not added,17.3,-3.48,-22.93,-14.22,-0.73,38.57,-25.48,3.56,,10.0,5y -14% a year; 10y -1%; ±39%
BLX.AX,Beacon Lighting Group Ltd,,0,not added,0.4,-43.26,2.34,-0.46,5.43,44.26,-55.84,4.17,,10.0,5y -0% a year; 10y +5%; ±44%
BM1.AX,Ballard Mining Ltd,,0,not added,0.3,6.72,,,,72.41,-43.65,0.0,,1.2,no 5 year record; ±72%; under 3 years listed
BMC.AX,Bmc Minerals Ltd.,,0,not added,0.8,6.0,,,,71.82,-44.62,0.0,,0.8,no 5 year record; ±72%; under 3 years listed
BOE.AX,Boss Energy Ltd,,0,not added,0.6,-24.5,-29.56,-9.15,15.3,80.19,-50.73,0.0,,10.0,5y -9% a year; 10y +15%; ±80%
BPT.AX,Beach Energy Ltd,,0,not added,1.9,-22.4,-14.07,-6.08,3.46,34.62,-37.5,3.49,,10.0,5y -6% a year; 10y +3%; ±35%
BRE.AX,Brazilian Rare Earths Ltd,,0,not added,1.0,-29.07,,,,72.46,-51.29,0.0,,2.8,no 5 year record; ±72%; under 3 years listed
BTL.AX,Beetaloo Energy Australia Ltd,,0,not added,0.4,-33.78,20.51,-8.88,8.04,67.7,-41.1,0.0,,10.0,5y -9% a year; 10y +8%; ±68%
C79.AX,Chrysos Corporation Ltd,,0,not added,0.8,-13.33,0.53,,,49.9,-46.73,0.0,,4.4,no 5 year record; ±50%
CAT.AX,Catapult Sports Ltd,,0,not added,1.0,-56.46,52.15,12.36,-0.31,64.26,-62.92,0.0,,10.0,5y +12% a year; 10y -0%; ±64%
CHN.AX,Chalice Mining Ltd,,0,not added,0.4,-56.38,-16.02,-30.56,21.2,72.38,-60.63,0.0,,10.0,5y -31% a year; 10y +21%; ±72%
CHTR,Charter Communications,,0,not added,18.0,-61.02,-37.58,-29.71,-8.42,52.2,-59.83,0.0,,10.0,5y -30% a year; 10y -8%; ±52%
CLX,Clorox,,0,not added,14.0,-28.05,-10.76,-8.36,0.28,31.33,-35.22,6.05,,10.0,5y -8% a year; 10y +0%; ±31%
CNI.AX,Centuria Capital Group,,0,not added,1.2,-46.43,6.2,-13.74,7.1,36.36,-49.54,8.94,,10.0,5y -14% a year; 10y +7%; ±36%
COH.AX,Cochlear Ltd,yes,0,kept (watchlist),8.4,-54.46,-17.4,-8.74,2.29,54.3,-69.23,2.67,Hold,10.0,5y -9% a year; 10y +2%; ±54%; consensus Hold
COIN,Coinbase,,0,not added,69.4,-53.92,28.45,-9.56,,72.31,-63.54,0.0,,5.5,5y -10% a year; ±72%
CSGP,CoStar Group,,0,not added,15.9,-65.06,-29.91,-19.06,4.55,44.47,-65.55,0.0,,10.0,5y -19% a year; 10y +5%; ±44%
CTD.AX,Corporate Travel Management Ltd,,0,not added,0.3,-85.81,-47.87,-37.24,-17.56,90.12,-87.55,0.0,,10.0,5y -37% a year; 10y -18%; ±90%
CU6.AX,Clarity Pharmaceuticals Ltd,,0,not added,0.8,-63.43,23.13,11.74,,80.46,-68.16,0.0,,5.2,5y +12% a year; ±80%
CUV.AX,Clinuvel Pharmaceuticals Ltd,,0,not added,0.4,-34.01,-18.19,-26.86,0.08,41.47,-39.7,0.63,,10.0,5y -27% a year; 10y +0%; ±41%
DGT.AX,Digico Infrastructure Reit,,0,not added,1.4,-15.54,,,,51.06,-44.15,5.04,,1.8,no 5 year record; ±51%; under 3 years listed
DMP.AX,Domino'S Pizza Enterprises Ltd,,0,not added,1.9,69.6,-21.98,-28.56,-8.58,46.76,-36.55,2.61,,10.0,5y -29% a year; 10y -9%; ±47%
DTR.AX,Dateline Resources Ltd,,0,not added,0.4,-81.05,101.5,0.45,-4.97,137.83,-88.65,0.0,,10.0,5y +0% a year; 10y -5%; ±138%
DYL.AX,Deep Yellow Ltd,,0,not added,1.1,-48.54,-5.62,1.08,18.26,73.73,-63.75,0.0,,10.0,5y +1% a year; 10y +18%; ±74%
EBO.AX,Ebos Group Ltd,,0,not added,3.1,-38.38,-19.39,-12.49,2.94,26.94,-39.67,5.65,,10.0,5y -12% a year; 10y +3%; ±27%
EDV.AX,Endeavour Group Ltd,,0,not added,5.3,-11.93,-11.68,-11.83,,24.81,-27.71,3.97,,5.3,5y -12% a year; ±25%
EL,Estée Lauder Companies (The),,0,not added,47.9,0.04,-10.82,-19.38,4.04,48.33,-43.62,1.48,,10.0,5y -19% a year; 10y +4%; ±48%
ELV.AX,Elevra Lithium Ltd,,0,not added,1.0,24.75,-23.74,-26.96,4.5,78.99,-63.84,0.0,,10.0,5y -27% a year; 10y +4%; ±79%
FBU.AX,Fletcher Building Ltd,,0,not added,3.0,-8.36,-11.85,-14.14,-9.33,28.22,-32.74,0.0,,10.0,5y -14% a year; 10y -9%; ±28%
FCL.AX,Fineos Corporation Holdings Plc,,0,not added,0.7,-33.77,6.51,-12.94,,55.61,-44.12,0.0,,7.2,5y -13% a year; ±56%
FDXF,FedEx Freight,,0,not added,24.3,-24.85,,,,65.01,-41.96,0.0,,0.4,no 5 year record; ±65%; under 3 years listed
FIS,Fidelity National Information Services,,0,not added,24.0,-48.46,-11.89,-17.68,-5.49,33.4,-50.88,5.09,,10.0,5y -18% a year; 10y -5%; ±33%
FISV,Fiserv,,0,not added,33.9,-64.18,-28.54,-13.01,-0.71,58.35,-64.94,0.0,,10.0,5y -13% a year; 10y -1%; ±58%
FLT.AX,Flight Centre Travel Group Ltd,,0,not added,2.1,-8.83,-15.85,-10.93,-8.26,37.12,-40.88,4.13,,10.0,5y -11% a year; 10y -8%; ±37%
FRS.AX,Forrestania Resources Ltd,,0,not added,0.8,12.73,111.0,-3.21,,86.54,-59.44,0.0,,5.1,5y -3% a year; ±87%
GIS,General Mills,,0.0,not added,24.6,-32.17,-20.26,-7.67,-2.08,28.83,-33.25,7.68,,10.0,5y -8% a year; 10y -2%; ±29%
GLN.AX,Galan Lithium Ltd,,0,not added,0.4,75.0,-23.69,-25.98,15.0,81.83,-50.46,0.0,,10.0,5y -26% a year; 10y +15%; ±82%
GTK.AX,Gentrack Group Ltd,,0,not added,0.3,-59.93,-10.28,12.42,0.58,63.91,-69.92,0.0,,10.0,5y +12% a year; 10y +1%; ±64%
HCH.AX,Hot Chili Ltd,,0,not added,0.3,47.8,12.12,-8.79,-1.12,70.87,-41.54,0.0,,10.0,5y -9% a year; 10y -1%; ±71%
HCW.AX,Healthco Healthcare And Wellness Reit,,0,not added,0.4,10.9,-15.35,-14.99,,34.66,-27.11,2.0,,5.1,5y -15% a year; ±35%
HMC.AX,Hmc Capital Ltd,,0,not added,1.2,1.17,-8.49,,,55.34,-49.55,3.99,,4.8,no 5 year record; ±55%
HONA,Honeywell Aerospace,,0,not added,70.4,-23.46,,,,90.8,-43.85,0.0,,0.3,no 5 year record; ±91%; under 3 years listed
HSN.AX,Hansen Technologies Ltd,,0,not added,0.7,-41.67,-11.68,-9.99,-0.57,43.91,-50.47,2.99,,10.0,5y -10% a year; 10y -1%; ±44%
IEL.AX,Idp Education Ltd,,0,not added,0.6,-66.46,-52.78,-42.58,-4.98,64.89,-76.66,4.29,,10.0,5y -43% a year; 10y -5%; ±65%
ILU.AX,Iluka Resources Ltd,,0,not added,2.5,-24.43,-6.78,-7.04,9.7,55.75,-46.77,1.06,,10.0,5y -7% a year; 10y +10%; ±56%
ING.AX,Inghams Group Ltd,,0,not added,0.8,-10.96,-12.21,-6.39,0.53,32.97,-35.2,4.83,,9.9,5y -6% a year; 10y +1%; ±33%
INR.AX,Ioneer Ltd,,0,not added,0.3,-48.84,-7.72,-30.63,4.66,86.49,-62.96,0.0,,10.0,5y -31% a year; 10y +5%; ±86%
INTU,Intuit,,0,not added,108.0,-54.31,-17.46,-11.84,11.85,49.75,-62.49,1.61,,10.0,5y -12% a year; 10y +12%; ±50%
IRE.AX,Iress Ltd,,0,not added,1.0,-34.39,5.2,-12.17,-4.07,35.15,-44.78,4.96,,10.0,5y -12% a year; 10y -4%; ±35%
IT,Gartner,,0,not added,16.8,-23.86,-19.98,-9.53,6.93,56.56,-51.3,0.0,,10.0,5y -10% a year; 10y +7%; ±57%
JDO.AX,Judo Capital Holdings Ltd,,0,not added,1.0,-48.69,1.36,-17.75,,58.58,-54.05,0.0,,5.0,5y -18% a year; ±59%
JIN.AX,Jumbo Interactive Ltd,,0,not added,0.4,-41.18,-22.28,-16.27,18.0,45.43,-55.4,4.66,,10.0,5y -16% a year; 10y +18%; ±45%
KAR.AX,Karoon Energy Ltd,,0,not added,1.1,6.81,-11.33,-0.7,0.27,57.23,-43.75,2.72,,10.0,5y -1% a year; 10y +0%; ±57%
KGL.AX,Kgl Resources Ltd,,0,not added,0.4,14.29,13.3,-23.96,-3.17,94.93,-54.93,0.0,,10.0,5y -24% a year; 10y -3%; ±95%
LFS.AX,Latitude Group Holdings Ltd,,0,not added,0.8,-22.39,-7.12,-12.28,,22.72,-23.85,13.21,,5.5,5y -12% a year; ±23%
LIC.AX,Lifestyle Communities Ltd,,0,not added,0.5,-24.69,-34.97,-27.56,2.53,39.65,-29.45,0.0,,10.0,5y -28% a year; 10y +3%; ±40%
LLC.AX,Lendlease Group,,0,not added,1.8,-49.64,-23.06,-22.46,-13.07,35.56,-56.64,6.25,,10.0,5y -22% a year; 10y -13%; ±36%
LRV.AX,Larvotto Resources Ltd,,0,not added,0.5,7.06,86.36,,,84.93,-42.95,0.0,,4.8,no 5 year record; ±85%
LTR.AX,Liontown Ltd,,0,not added,2.6,-22.33,-20.79,-15.89,48.16,77.85,-70.08,0.0,,10.0,5y -16% a year; 10y +48%; ±78%
LULU,Lululemon Athletica,,0,not added,15.0,-47.44,-40.2,-26.57,5.71,45.07,-57.44,0.0,,10.0,5y -27% a year; 10y +6%; ±45%
MAF.AX,Ma Financial Group Ltd,,0,not added,0.9,-47.69,5.56,-8.0,,49.3,-58.45,4.8,,9.5,5y -8% a year; ±49%
MC2.AX,Marimaca Copper Corp.,,0,not added,1.1,-38.66,,,,47.45,-46.0,0.0,,1.1,no 5 year record; ±47%; under 3 years listed
MEK.AX,Meeka Metals Ltd,,0,not added,0.3,-59.05,29.07,13.83,8.02,88.53,-71.8,0.0,,10.0,5y +14% a year; 10y +8%; ±89%
MFG.AX,Magellan Financial Group Ltd,,0,not added,2.4,-14.45,16.02,-18.27,-3.8,48.74,-28.09,7.93,,10.0,5y -18% a year; 10y -4%; ±49%
MGX.AX,Mgx Resources Ltd,,0,not added,0.4,-26.74,-13.99,-5.59,2.0,47.65,-35.71,0.0,,10.0,5y -6% a year; 10y +2%; ±48%
MOS,Mosaic Company (The),,0,not added,9.6,-40.49,-14.81,-10.02,-1.0,45.22,-39.07,4.41,,10.0,5y -10% a year; 10y -1%; ±45%
MYR.AX,Myer Holdings Ltd,,0,not added,0.3,-57.82,-25.24,-14.36,-14.71,49.63,-62.34,7.89,,10.0,5y -14% a year; 10y -15%; ±50%
NAN.AX,Nanosonics Ltd,,0,not added,0.9,-39.66,-9.12,-13.91,-1.82,40.51,-43.55,0.0,,10.0,5y -14% a year; 10y -2%; ±41%
NCLH,Norwegian Cruise Line Holdings,,0,not added,10.0,-36.44,0.45,-8.72,-8.67,54.6,-43.57,0.0,,10.0,5y -9% a year; 10y -9%; ±55%
NEC.AX,Nine Entertainment Co. Holdings Ltd,,0,not added,1.1,-41.46,-15.25,-14.52,5.89,30.32,-42.41,11.45,,10.0,5y -15% a year; 10y +6%; ±30%
NKE,"Nike, Inc.",yes,0,kept (watchlist),73.4,-48.63,-31.01,-24.6,-1.58,35.72,-49.79,4.77,Hold,10.0,5y -25% a year; 10y -2%; ±36%; consensus Hold
NVA.AX,Nova Minerals Corp,,0,not added,0.3,5.26,32.15,-16.74,15.81,138.62,-69.11,0.0,,10.0,5y -17% a year; 10y +16%; ±139%
NXL.AX,Nuix Ltd,,0,not added,0.7,-45.03,7.0,-11.05,,74.28,-65.27,0.0,,5.8,5y -11% a year; ±74%
OCA.AX,Oceania Healthcare Ltd,,0,not added,0.4,-14.06,-6.6,-14.99,,46.39,-36.59,0.0,,9.4,5y -15% a year; ±46%
OCL.AX,Objective Corporation Ltd,,0,not added,0.6,-70.23,-16.86,-21.55,14.11,59.42,-70.42,4.51,,10.0,5y -22% a year; 10y +14%; ±59%
ORA.AX,Orora Ltd,,0,not added,1.7,-29.54,-14.11,-11.03,-2.25,35.45,-45.33,6.62,,10.0,5y -11% a year; 10y -2%; ±35%
PBH.AX,Pointsbet Holdings Ltd,,0,not added,0.3,-14.78,29.29,-12.95,,36.8,-21.84,0.0,,7.3,5y -13% a year; ±37%
PCG,PG&amp;E Corporation,,0,not added,53.2,-22.5,-9.78,4.05,-13.16,34.84,-37.11,1.56,,10.0,5y +4% a year; 10y -13%; ±35%
PFP.AX,Propel Funeral Partners Ltd,,0,not added,0.4,-43.12,-12.07,-5.22,,31.89,-45.34,5.2,,8.9,5y -5% a year; ±32%
PMT.AX,Pmet Resources Inc.,,0,not added,0.8,-4.6,-28.8,,,77.72,-48.43,0.0,,3.8,no 5 year record; ±78%
PMV.AX,Premier Investments Ltd,,0,not added,1.9,-30.45,-15.34,-12.99,2.71,35.61,-37.56,7.86,,10.0,5y -13% a year; 10y +3%; ±36%
PNR.AX,Pantoro Gold Ltd,,0,not added,1.1,-53.36,76.28,-4.44,-0.81,71.21,-70.76,0.0,,10.0,5y -4% a year; 10y -1%; ±71%
PNV.AX,Polynovo Ltd,,0,not added,0.6,-37.41,-7.3,-12.75,12.95,52.75,-45.12,0.0,,10.0,5y -13% a year; 10y +13%; ±53%
PXA.AX,Pexa Group Ltd,,0,not added,1.1,-60.05,-16.36,-16.41,,43.61,-60.87,0.0,,5.3,5y -16% a year; ±44%
PYPL,PayPal,,0,not added,64.9,-27.02,-0.59,-23.7,4.33,43.76,-48.29,1.02,,10.0,5y -24% a year; 10y +4%; ±44%
QAL.AX,Qualitas Ltd,,0,not added,0.7,-34.39,1.49,,,38.5,-43.15,5.18,,4.8,no 5 year record; ±38%
RAC.AX,Racura Oncology Ltd,,0,not added,0.4,-57.58,24.84,-11.41,24.12,63.46,-62.34,0.0,,10.0,5y -11% a year; 10y +24%; ±63%
RDDT,Reddit,,0,not added,40.9,-24.51,,,,70.38,-52.94,0.0,,2.6,no 5 year record; ±70%; under 3 years listed
RPL.AX,Regal Partners Ltd,,0,not added,0.9,-25.93,15.14,-6.99,,42.34,-32.56,12.16,,7.3,5y -7% a year; ±42%
RYM.AX,Ryman Healthcare Ltd,,0,not added,1.5,-46.64,,,,40.96,-48.28,0.0,,1.0,no 5 year record; ±41%; under 3 years listed
SDR.AX,Siteminder Ltd,,0,not added,0.8,-64.85,-13.33,-17.61,,60.94,-66.58,0.0,,4.9,5y -18% a year; ±61%
SEK.AX,Seek Ltd,yes,0,kept (watchlist),4.4,-54.67,-14.04,-16.1,0.12,42.53,-59.24,4.26,no coverage,10.0,5y -16% a year; 10y +0%; ±43%
SGQ.AX,St George Mining Ltd,,0,not added,0.3,-47.83,10.06,-1.89,-8.19,84.25,-63.64,0.0,,10.0,5y -2% a year; 10y -8%; ±84%
SGR.AX,The Star Entertainment Group Ltd,,0,not added,0.8,26.26,-38.22,-47.44,-29.3,72.34,-48.89,0.0,,10.0,5y -47% a year; 10y -29%; ±72%
SKC.AX,Skycity Entertainment Group Ltd,,0,not added,0.6,-16.92,-31.19,-27.91,-15.62,44.76,-55.29,0.0,,10.0,5y -28% a year; 10y -16%; ±45%
SMI.AX,Santana Minerals Ltd,,0,not added,0.5,-38.85,36.2,41.93,-7.33,62.21,-65.38,0.0,,10.0,5y +42% a year; 10y -7%; ±62%
SNZ.AX,Summerset Group Holdings Ltd,,0,not added,1.4,-43.28,-12.58,-14.7,3.64,34.64,-48.93,2.09,,10.0,5y -15% a year; 10y +4%; ±35%
SPK.AX,Spark New Zealand Ltd,yes,0,kept (active),3.1,-17.93,-23.32,-11.93,-1.05,22.03,-30.27,7.56,thin coverage,10.0,5y -12% a year; 10y -1%; ±22%; consensus thin coverage
STN.AX,Saturn Metals Ltd,,0,not added,0.4,-21.19,49.2,1.67,,77.44,-40.0,0.0,,8.6,5y +2% a year; ±77%
STX.AX,Strike Energy Ltd,,0,not added,0.4,0.0,-35.43,-9.19,3.18,60.79,-32.14,0.0,,10.0,5y -9% a year; 10y +3%; ±61%
SVL.AX,Silver Mines Ltd,,0,not added,0.3,-35.71,-8.29,-9.31,-3.16,82.66,-57.14,0.0,,10.0,5y -9% a year; 10y -3%; ±83%
TBN.AX,Tamboran Resources Corporation,,0,not added,1.7,0.0,22.04,-8.61,,61.06,-34.59,0.0,,5.2,5y -9% a year; ±61%
THL.AX,Tourism Holdings Rentals Ltd,,0,not added,0.5,-6.57,-8.21,,,53.19,-31.26,3.95,,3.8,no 5 year record; ±53%
TOK.AX,Tolu Minerals Ltd.,,0,not added,0.4,-17.48,41.8,,,59.65,-32.3,0.0,,2.9,no 5 year record; ±60%; under 3 years listed
TPG.AX,Tpg Telecom Ltd.,,0,not added,7.5,-22.1,-5.3,-6.97,-2.56,38.25,-36.91,4.9,,10.0,5y -7% a year; 10y -3%; ±38%
TPW.AX,Temple & Webster Group Ltd,,0,not added,0.5,-81.34,-8.73,-19.62,41.08,76.16,-83.65,0.0,,10.0,5y -20% a year; 10y +41%; ±76%
TRE.AX,Toubani Resources Ltd,,0,not added,0.3,-34.12,31.73,,,79.52,-64.89,0.0,,3.7,no 5 year record; ±80%
TUA.AX,Tuas Ltd,,0,not added,0.9,-76.15,-7.34,3.4,,79.58,-78.34,0.0,,6.3,5y +3% a year; ±80%
TWE.AX,Treasury Wine Estates Ltd,,0,not added,4.5,-18.37,-20.42,-11.02,-4.02,44.42,-51.72,0.0,,10.0,5y -11% a year; 10y -4%; ±44%
TYR.AX,Tyro Payments Ltd,,0,not added,0.4,-38.64,-7.76,-30.08,,36.31,-43.83,0.0,,6.8,5y -30% a year; ±36%
VGL.AX,Vista Group International Ltd.,,0,not added,0.5,-13.58,23.52,-1.58,-1.81,58.63,-49.82,0.0,,10.0,5y -2% a year; 10y -2%; ±59%
VGN.AX,Virgin Australia Holdings Ltd.,,0,not added,2.1,-21.79,,,,44.79,-40.0,2.75,,1.3,no 5 year record; ±45%; under 3 years listed
VSL.AX,Vulcan Steel Ltd,,0,not added,0.8,-23.46,-6.93,-7.22,,46.24,-39.54,1.74,,4.9,5y -7% a year; ±46%
VUL.AX,Vulcan Energy Resources Ltd,,0,not added,0.8,-77.9,-9.68,-34.35,,62.14,-79.72,0.0,,8.4,5y -34% a year; ±62%
WA1.AX,Wa1 Resources Ltd,,0,not added,0.7,-56.34,2.04,,,51.07,-58.96,0.0,,4.7,no 5 year record; ±51%
WBT.AX,Weebit Nano Ltd,,0,not added,1.0,-26.4,-1.64,-1.39,14.53,86.36,-64.92,0.0,,10.0,5y -1% a year; 10y +15%; ±86%
WEB.AX,Webbeds Group Ltd,,0,not added,1.2,-21.46,-18.23,-12.03,-6.64,58.08,-55.67,0.0,,10.0,5y -12% a year; 10y -7%; ±58%
WTC.AX,Wisetech Global Ltd,yes,0,kept (active),10.8,-62.07,-17.57,-8.53,19.18,65.62,-66.35,0.68,Strong Buy,10.0,5y -9% a year; 10y +19%; ±66%; consensus Strong Buy
WTM.AX,Waratah Minerals Ltd,,0,not added,0.3,-2.65,150.07,13.51,-14.05,82.44,-47.88,0.0,,10.0,5y +14% a year; 10y -14%; ±82%
XRO.AX,Xero Ltd,yes,0,kept (watchlist),10.2,-62.67,-18.48,-17.31,13.3,49.08,-64.79,0.0,Strong Buy,10.0,5y -17% a year; 10y +13%; ±49%; consensus Strong Buy
ZIM.AX,Zimplats Holdings Ltd,,0,not added,1.5,-28.09,-10.92,-5.21,18.02,51.19,-48.33,0.0,,10.0,5y -5% a year; 10y +18%; ±51%
ZIP.AX,Zip Co Ltd..,,0,not added,2.6,-56.67,93.97,-20.38,9.57,80.35,-69.96,0.0,,10.0,5y -20% a year; 10y +10%; ±80%
ZTS,Zoetis,,0,not added,41.4,-49.18,-24.3,-17.65,5.28,37.93,-52.26,2.92,,10.0,5y -18% a year; 10y +5%; ±38%
